timestamp, eventType, delayFromPrevious, id, triggeredByEventID, triggersEventID
1.7;Background;1.7;0;-1;-1
3.3;Background;1.6;1;-1;-1
5.1;Background;1.8;2;-1;0
5.1;Stimulus;5.1;0;2;-1
6.6;Background;1.5;3;-1;-1
7.9;Background;1.3;4;-1;-1
9.6;Background;1.7;5;-1;-1
10.8;Background;1.2;6;-1;1
10.8;Stimulus;5.7;1;6;-1
12.8;Background;2;7;-1;-1
14;Background;1.2;8;-1;-1
15.4;Background;1.4;9;-1;2
15.4;Stimulus;4.6;2;9;0
15.4;Probe;15.4;0;2;-1
16.7;Background;1.3;10;-1;-1
18.1;Background;1.4;11;-1;-1
19.3;Background;1.2;12;-1;3
19.3;Stimulus;3.9;3;12;-1
20.4;Background;1.1;13;-1;-1
22.1;Background;1.7;14;-1;-1
23.4;Background;1.3;15;-1;-1
24.4;Background;1;16;-1;4
24.4;Stimulus;5.1;4;16;-1
26.4;Background;2;17;-1;-1
28.3;Background;1.9;18;-1;5
28.3;Stimulus;3.9;5;18;-1
29.8;Background;1.5;19;-1;-1
31.4;Background;1.6;20;-1;-1
32.5;Background;1.1;21;-1;6
32.5;Stimulus;4.2;6;21;1
32.5;Probe;17.1;1;6;-1
34.5;Background;2;22;-1;-1
35.5;Background;1;23;-1;-1
37;Background;1.5;24;-1;-1
38.5;Background;1.5;25;-1;7
38.5;Stimulus;6;7;25;-1
40.2;Background;1.7;26;-1;-1
41.3;Background;1.1;27;-1;-1
43.1;Background;1.8;28;-1;-1
44.2;Background;1.1;29;-1;8
44.2;Stimulus;5.7;8;29;2
44.2;Probe;11.7;2;8;-1
46.1;Background;1.9;30;-1;-1
47.2;Background;1.1;31;-1;9
47.2;Stimulus;3;9;31;-1
49;Background;1.8;32;-1;-1
50.7;Background;1.7;33;-1;10
50.7;Stimulus;3.5;10;33;-1
51.9;Background;1.2;34;-1;-1
53.7;Background;1.8;35;-1;-1
55.6;Background;1.9;36;-1;-1
56.7;Background;1.1;37;-1;11
56.7;Stimulus;6;11;37;3
56.7;Probe;12.5;3;11;-1
58.6;Background;1.9;38;-1;-1
60.6;Background;2;39;-1;12
60.6;Stimulus;3.9;12;39;-1
61.6;Background;1;40;-1;-1
63.1;Background;1.5;41;-1;-1
65.1;Background;2;42;-1;-1
66.3;Background;1.2;43;-1;13
66.3;Stimulus;5.7;13;43;-1
68.2;Background;1.9;44;-1;-1
69.3;Background;1.1;45;-1;-1
71.1;Background;1.8;46;-1;14
71.1;Stimulus;4.8;14;46;4
71.1;Probe;14.4;4;14;-1
72.6;Background;1.5;47;-1;-1
74.2;Background;1.6;48;-1;-1
75.5;Background;1.3;49;-1;-1
76.5;Background;1;50;-1;15
76.5;Stimulus;5.4;15;50;-1
78.5;Background;2;51;-1;-1
80.1;Background;1.6;52;-1;16
80.1;Stimulus;3.6;16;52;5
80.1;Probe;9;5;16;-1
81.9;Background;1.8;53;-1;-1
83.4;Background;1.5;54;-1;17
83.4;Stimulus;3.3;17;54;-1
84.8;Background;1.4;55;-1;-1
86.3;Background;1.5;56;-1;-1
87.6;Background;1.3;57;-1;18
87.6;Stimulus;4.2;18;57;-1
89.4;Background;1.8;58;-1;-1
90.6;Background;1.2;59;-1;19
90.6;Stimulus;3;19;59;-1
92.6;Background;2;60;-1;-1
93.8;Background;1.2;61;-1;-1
95.4;Background;1.6;62;-1;20
95.4;Stimulus;4.8;20;62;6
95.4;Probe;15.3;6;20;-1
96.6;Background;1.2;63;-1;-1
98;Background;1.4;64;-1;-1
99.5;Background;1.5;65;-1;-1
100.5;Background;1;66;-1;21
100.5;Stimulus;5.1;21;66;-1
102.4;Background;1.9;67;-1;-1
103.4;Background;1;68;-1;-1
105.3;Background;1.9;69;-1;22
105.3;Stimulus;4.8;22;69;7
105.3;Probe;9.9;7;22;-1
106.7;Background;1.4;70;-1;-1
108.3;Background;1.6;71;-1;-1
109.5;Background;1.2;72;-1;23
109.5;Stimulus;4.2;23;72;-1
111.4;Background;1.9;73;-1;-1
112.5;Background;1.1;74;-1;-1
114.3;Background;1.8;75;-1;24
114.3;Stimulus;4.8;24;75;-1
116.1;Background;1.8;76;-1;-1
117.5;Background;1.4;77;-1;-1
118.8;Background;1.3;78;-1;25
118.8;Stimulus;4.5;25;78;-1
120.5;Background;1.7;79;-1;-1
122.3;Background;1.8;80;-1;-1
123.3;Background;1;81;-1;26
123.3;Stimulus;4.5;26;81;8
123.3;Probe;18;8;26;-1
125;Background;1.7;82;-1;-1
126.6;Background;1.6;83;-1;-1
128.4;Background;1.8;84;-1;27
128.4;Stimulus;5.1;27;84;-1
129.8;Background;1.4;85;-1;-1
130.9;Background;1.1;86;-1;-1
132.8;Background;1.9;87;-1;-1
133.8;Background;1;88;-1;28
133.8;Stimulus;5.4;28;88;9
133.8;Probe;10.5;9;28;-1
135.2;Background;1.4;89;-1;-1
136.8;Background;1.6;90;-1;-1
138.1;Background;1.3;91;-1;-1
139.8;Background;1.7;92;-1;29
139.8;Stimulus;6;29;92;-1
141.8;Background;2;93;-1;-1
142.8;Background;1;94;-1;30
142.8;Stimulus;3;30;94;10
142.8;Probe;9;10;30;-1
144.8;Background;2;95;-1;-1
146;Background;1.2;96;-1;-1
147.6;Background;1.6;97;-1;31
147.6;Stimulus;4.8;31;97;-1
149.1;Background;1.5;98;-1;-1
150.7;Background;1.6;99;-1;-1
151.8;Background;1.1;100;-1;32
151.8;Stimulus;4.2;32;100;-1
153.8;Background;2;101;-1;-1
155;Background;1.2;102;-1;-1
156.4;Background;1.4;103;-1;33
156.4;Stimulus;4.6;33;103;11
156.4;Probe;13.6;11;33;1
156.4;Level;156.4;1;11;-1
157.9;Background;1.5;104;-1;-1
159.2;Background;1.3;105;-1;-1
160.9;Background;1.7;106;-1;-1
162.1;Background;1.2;107;-1;34
162.1;Stimulus;5.7;34;107;-1
163.5;Background;1.4;108;-1;-1
164.8;Background;1.3;109;-1;-1
166.4;Background;1.6;110;-1;-1
167.5;Background;1.1;111;-1;35
167.5;Stimulus;5.4;35;111;-1
169.2;Background;1.7;112;-1;-1
170.8;Background;1.6;113;-1;36
170.8;Stimulus;3.3;36;113;12
170.8;Probe;14.4;12;36;-1
172.3;Background;1.5;114;-1;-1
173.9;Background;1.6;115;-1;-1
175.2;Background;1.3;116;-1;-1
176.2;Background;1;117;-1;37
176.2;Stimulus;5.4;37;117;-1
177.6;Background;1.4;118;-1;-1
178.7;Background;1.1;119;-1;-1
180.6;Background;1.9;120;-1;-1
181.6;Background;1;121;-1;38
181.6;Stimulus;5.4;38;121;13
181.6;Probe;10.8;13;38;-1
183.5;Background;1.9;122;-1;-1
185.2;Background;1.7;123;-1;39
185.2;Stimulus;3.6;39;123;-1
186.6;Background;1.4;124;-1;-1
187.9;Background;1.3;125;-1;-1
189.5;Background;1.6;126;-1;-1
190.6;Background;1.1;127;-1;40
190.6;Stimulus;5.4;40;127;-1
191.9;Background;1.3;128;-1;-1
193.3;Background;1.4;129;-1;-1
194.5;Background;1.2;130;-1;41
194.5;Stimulus;3.9;41;130;-1
196.3;Background;1.8;131;-1;-1
197.7;Background;1.4;132;-1;-1
199;Background;1.3;133;-1;42
199;Stimulus;4.5;42;133;14
199;Probe;17.4;14;42;-1
200.9;Background;1.9;134;-1;-1
201.9;Background;1;135;-1;-1
203.8;Background;1.9;136;-1;43
203.8;Stimulus;4.8;43;136;-1
205.8;Background;2;137;-1;-1
207.1;Background;1.3;138;-1;44
207.1;Stimulus;3.3;44;138;-1
209.1;Background;2;139;-1;-1
210.1;Background;1;140;-1;-1
211.6;Background;1.5;141;-1;-1
213.1;Background;1.5;142;-1;45
213.1;Stimulus;6;45;142;-1
215;Background;1.9;143;-1;-1
216.1;Background;1.1;144;-1;46
216.1;Stimulus;3;46;144;15
216.1;Probe;17.1;15;46;-1
217.8;Background;1.7;145;-1;-1
218.9;Background;1.1;146;-1;-1
220.7;Background;1.8;147;-1;-1
221.8;Background;1.1;148;-1;47
221.8;Stimulus;5.7;47;148;-1
223.6;Background;1.8;149;-1;-1
225.1;Background;1.5;150;-1;48
225.1;Stimulus;3.3;48;150;16
225.1;Probe;9;16;48;-1
226.3;Background;1.2;151;-1;-1
228.1;Background;1.8;152;-1;-1
230;Background;1.9;153;-1;-1
231.1;Background;1.1;154;-1;49
231.1;Stimulus;6;49;154;-1
233.1;Background;2;155;-1;-1
235;Background;1.9;156;-1;50
235;Stimulus;3.9;50;156;17
235;Probe;9.9;17;50;-1
236.7;Background;1.7;157;-1;-1
238.3;Background;1.6;158;-1;51
238.3;Stimulus;3.3;51;158;-1
239.4;Background;1.1;159;-1;-1
241.1;Background;1.7;160;-1;-1
242.4;Background;1.3;161;-1;-1
243.4;Background;1;162;-1;52
243.4;Stimulus;5.1;52;162;-1
244.8;Background;1.4;163;-1;-1
246.3;Background;1.5;164;-1;-1
247.6;Background;1.3;165;-1;53
247.6;Stimulus;4.2;53;165;18
247.6;Probe;12.6;18;53;-1
249.1;Background;1.5;166;-1;-1
250.7;Background;1.6;167;-1;-1
252;Background;1.3;168;-1;-1
253;Background;1;169;-1;54
253;Stimulus;5.4;54;169;-1
254.8;Background;1.8;170;-1;-1
256.5;Background;1.7;171;-1;55
256.5;Stimulus;3.5;55;171;-1
257.5;Background;1;172;-1;-1
259;Background;1.5;173;-1;-1
261;Background;2;174;-1;-1
262.2;Background;1.2;175;-1;56
262.2;Stimulus;5.7;56;175;-1
264.2;Background;2;176;-1;-1
265.5;Background;1.3;177;-1;57
265.5;Stimulus;3.3;57;177;19
265.5;Probe;17.9;19;57;-1
266.7;Background;1.2;178;-1;-1
268.1;Background;1.4;179;-1;-1
269.6;Background;1.5;180;-1;-1
270.6;Background;1;181;-1;58
270.6;Stimulus;5.1;58;181;-1
272.6;Background;2;182;-1;-1
274.2;Background;1.6;183;-1;59
274.2;Stimulus;3.6;59;183;-1
276.1;Background;1.9;184;-1;-1
277.2;Background;1.1;185;-1;-1
279;Background;1.8;186;-1;60
279;Stimulus;4.8;60;186;20
279;Probe;13.5;20;60;-1
280.7;Background;1.7;187;-1;-1
282.3;Background;1.6;188;-1;-1
284.1;Background;1.8;189;-1;61
284.1;Stimulus;5.1;61;189;-1
285.6;Background;1.5;190;-1;-1
286.9;Background;1.3;191;-1;-1
288.6;Background;1.7;192;-1;-1
289.8;Background;1.2;193;-1;62
289.8;Stimulus;5.7;62;193;21
289.8;Probe;10.8;21;62;-1
291.2;Background;1.4;194;-1;-1
292.8;Background;1.6;195;-1;-1
294;Background;1.2;196;-1;63
294;Stimulus;4.2;63;196;-1
295.9;Background;1.9;197;-1;-1
297.6;Background;1.7;198;-1;64
297.6;Stimulus;3.6;64;198;-1
299.5;Background;1.9;199;-1;-1
301.5;Background;2;200;-1;65
301.5;Stimulus;3.9;65;200;22
301.5;Probe;11.7;22;65;-1
302.6;Background;1.1;201;-1;-1
304.3;Background;1.7;202;-1;-1
305.6;Background;1.3;203;-1;-1
306.6;Background;1;204;-1;66
306.6;Stimulus;5.1;66;204;-1
307.9;Background;1.3;205;-1;-1
309.3;Background;1.4;206;-1;-1
310.5;Background;1.2;207;-1;67
310.5;Stimulus;3.9;67;207;-1
311.9;Background;1.4;208;-1;-1
313.5;Background;1.6;209;-1;-1
314.8;Background;1.3;210;-1;-1
316.5;Background;1.7;211;-1;68
316.5;Stimulus;6;68;211;-1
318.3;Background;1.8;212;-1;-1
319.5;Background;1.2;213;-1;69
319.5;Stimulus;3;69;213;23
319.5;Probe;18;23;69;-1
321;Background;1.5;214;-1;-1
322.6;Background;1.6;215;-1;-1
323.7;Background;1.1;216;-1;70
323.7;Stimulus;4.2;70;216;-1
325.7;Background;2;217;-1;-1
326.7;Background;1;218;-1;71
326.7;Stimulus;3;71;218;-1
328.6;Background;1.9;219;-1;-1
329.7;Background;1.1;220;-1;72
329.7;Stimulus;3;72;220;-1
330.9;Background;1.2;221;-1;-1
332.3;Background;1.4;222;-1;-1
333.8;Background;1.5;223;-1;-1
334.8;Background;1;224;-1;73
334.8;Stimulus;5.1;73;224;24
334.8;Probe;15.3;24;73;2
334.8;Level;178.4;2;24;-1
336.6;Background;1.8;225;-1;-1
338.3;Background;1.7;226;-1;74
338.3;Stimulus;3.5;74;226;-1
340.3;Background;2;227;-1;-1
341.3;Background;1;228;-1;-1
342.8;Background;1.5;229;-1;-1
344.3;Background;1.5;230;-1;75
344.3;Stimulus;6;75;230;-1
346.3;Background;2;231;-1;-1
347.5;Background;1.2;232;-1;-1
349.1;Background;1.6;233;-1;76
349.1;Stimulus;4.8;76;233;25
349.1;Probe;14.3;25;76;-1
350.5;Background;1.4;234;-1;-1
352;Background;1.5;235;-1;-1
353.3;Background;1.3;236;-1;77
353.3;Stimulus;4.2;77;236;-1
355.2;Background;1.9;237;-1;-1
356.2;Background;1;238;-1;-1
358.1;Background;1.9;239;-1;78
358.1;Stimulus;4.8;78;239;-1
359.8;Background;1.7;240;-1;-1
361.6;Background;1.8;241;-1;-1
362.6;Background;1;242;-1;79
362.6;Stimulus;4.5;79;242;-1
364.6;Background;2;243;-1;-1
365.8;Background;1.2;244;-1;-1
367.2;Background;1.4;245;-1;80
367.2;Stimulus;4.6;80;245;26
367.2;Probe;18.1;26;80;-1
368.9;Background;1.7;246;-1;-1
370.5;Background;1.6;247;-1;-1
372.3;Background;1.8;248;-1;81
372.3;Stimulus;5.1;81;248;-1
373.7;Background;1.4;249;-1;-1
374.8;Background;1.1;250;-1;-1
376.7;Background;1.9;251;-1;-1
377.7;Background;1;252;-1;82
377.7;Stimulus;5.4;82;252;27
377.7;Probe;10.5;27;82;-1
379.1;Background;1.4;253;-1;-1
380.4;Background;1.3;254;-1;-1
382;Background;1.6;255;-1;-1
383.1;Background;1.1;256;-1;83
383.1;Stimulus;5.4;83;256;-1
385.1;Background;2;257;-1;-1
386.7;Background;1.6;258;-1;84
386.7;Stimulus;3.6;84;258;-1
388.4;Background;1.7;259;-1;-1
389.5;Background;1.1;260;-1;-1
391.3;Background;1.8;261;-1;-1
392.4;Background;1.1;262;-1;85
392.4;Stimulus;5.7;85;262;-1
394.2;Background;1.8;263;-1;-1
395.7;Background;1.5;264;-1;86
395.7;Stimulus;3.3;86;264;28
395.7;Probe;18;28;86;-1
396.7;Background;1;265;-1;-1
398.2;Background;1.5;266;-1;-1
400.2;Background;2;267;-1;-1
401.4;Background;1.2;268;-1;87
401.4;Stimulus;5.7;87;268;-1
402.6;Background;1.2;269;-1;-1
404.4;Background;1.8;270;-1;-1
406.3;Background;1.9;271;-1;-1
407.4;Background;1.1;272;-1;88
407.4;Stimulus;6;88;272;29
407.4;Probe;11.7;29;88;-1
409.4;Background;2;273;-1;-1
411.3;Background;1.9;274;-1;89
411.3;Stimulus;3.9;89;274;-1
412.4;Background;1.1;275;-1;-1
414.1;Background;1.7;276;-1;-1
415.4;Background;1.3;277;-1;-1
416.4;Background;1;278;-1;90
416.4;Stimulus;5.1;90;278;-1
418.3;Background;1.9;279;-1;-1
420.3;Background;2;280;-1;91
420.3;Stimulus;3.9;91;280;-1
421.7;Background;1.4;281;-1;-1
423.3;Background;1.6;282;-1;-1
424.5;Background;1.2;283;-1;92
424.5;Stimulus;4.2;92;283;30
424.5;Probe;17.1;30;92;-1
426;Background;1.5;284;-1;-1
427.3;Background;1.3;285;-1;-1
429;Background;1.7;286;-1;-1
430.2;Background;1.2;287;-1;93
430.2;Stimulus;5.7;93;287;-1
431.9;Background;1.7;288;-1;-1
433.5;Background;1.6;289;-1;94
433.5;Stimulus;3.3;94;289;-1
435.3;Background;1.8;290;-1;-1
436.7;Background;1.4;291;-1;-1
438;Background;1.3;292;-1;95
438;Stimulus;4.5;95;292;31
438;Probe;13.5;31;95;-1
439.5;Background;1.5;293;-1;-1
441.1;Background;1.6;294;-1;-1
442.4;Background;1.3;295;-1;-1
443.4;Background;1;296;-1;96
443.4;Stimulus;5.4;96;296;-1
445.1;Background;1.7;297;-1;-1
446.9;Background;1.8;298;-1;-1
447.9;Background;1;299;-1;97
447.9;Stimulus;4.5;97;299;32
447.9;Probe;9.9;32;97;-1
449.7;Background;1.8;300;-1;-1
450.9;Background;1.2;301;-1;98
450.9;Stimulus;3;98;301;-1
452.3;Background;1.4;302;-1;-1
453.4;Background;1.1;303;-1;-1
455.3;Background;1.9;304;-1;-1
456.3;Background;1;305;-1;99
456.3;Stimulus;5.4;99;305;-1
457.8;Background;1.5;306;-1;-1
459.4;Background;1.6;307;-1;-1
460.5;Background;1.1;308;-1;100
460.5;Stimulus;4.2;100;308;33
460.5;Probe;12.6;33;100;-1
461.9;Background;1.4;309;-1;-1
463.5;Background;1.6;310;-1;-1
464.8;Background;1.3;311;-1;-1
466.5;Background;1.7;312;-1;101
466.5;Stimulus;6;101;312;-1
468.2;Background;1.7;313;-1;-1
469.3;Background;1.1;314;-1;-1
471.1;Background;1.8;315;-1;-1
472.2;Background;1.1;316;-1;102
472.2;Stimulus;5.7;102;316;34
472.2;Probe;11.7;34;102;-1
473.4;Background;1.2;317;-1;-1
474.8;Background;1.4;318;-1;-1
476.3;Background;1.5;319;-1;-1
477.3;Background;1;320;-1;103
477.3;Stimulus;5.1;103;320;-1
478.6;Background;1.3;321;-1;-1
480;Background;1.4;322;-1;-1
481.2;Background;1.2;323;-1;104
481.2;Stimulus;3.9;104;323;-1
483.2;Background;2;324;-1;-1
484.2;Background;1;325;-1;-1
485.7;Background;1.5;326;-1;-1
487.2;Background;1.5;327;-1;105
487.2;Stimulus;6;105;327;-1
489.2;Background;2;328;-1;-1
490.2;Background;1;329;-1;106
490.2;Stimulus;3;106;329;35
490.2;Probe;18;35;106;-1
492.1;Background;1.9;330;-1;-1
493.8;Background;1.7;331;-1;107
493.8;Stimulus;3.6;107;331;-1
495.2;Background;1.4;332;-1;-1
496.5;Background;1.3;333;-1;-1
498.1;Background;1.6;334;-1;-1
499.2;Background;1.1;335;-1;108
499.2;Stimulus;5.4;108;335;-1
501.2;Background;2;336;-1;-1
503.1;Background;1.9;337;-1;109
503.1;Stimulus;3.9;109;337;-1
505.1;Background;2;338;-1;-1
506.3;Background;1.2;339;-1;-1
507.7;Background;1.4;340;-1;110
507.7;Stimulus;4.6;110;340;36
507.7;Probe;17.5;36;110;-1
509.4;Background;1.7;341;-1;-1
511;Background;1.6;342;-1;-1
512.8;Background;1.8;343;-1;111
512.8;Stimulus;5.1;111;343;-1
514.7;Background;1.9;344;-1;-1
515.8;Background;1.1;345;-1;-1
517.6;Background;1.8;346;-1;112
517.6;Stimulus;4.8;112;346;37
517.6;Probe;9.9;37;112;3
517.6;Level;182.8;3;37;-1
519.1;Background;1.5;347;-1;-1
520.7;Background;1.6;348;-1;-1
522;Background;1.3;349;-1;-1
523;Background;1;350;-1;113
523;Stimulus;5.4;113;350;-1
524.4;Background;1.4;351;-1;-1
525.5;Background;1.1;352;-1;-1
527.4;Background;1.9;353;-1;-1
528.4;Background;1;354;-1;114
528.4;Stimulus;5.4;114;354;38
528.4;Probe;10.8;38;114;-1
529.8;Background;1.4;355;-1;-1
531.1;Background;1.3;356;-1;-1
532.7;Background;1.6;357;-1;-1
533.8;Background;1.1;358;-1;115
533.8;Stimulus;5.4;115;358;-1
535.6;Background;1.8;359;-1;-1
537.3;Background;1.7;360;-1;116
537.3;Stimulus;3.5;116;360;39
537.3;Probe;8.9;39;116;-1
539.3;Background;2;361;-1;-1
540.9;Background;1.6;362;-1;117
540.9;Stimulus;3.6;117;362;-1
542.3;Background;1.4;363;-1;-1
543.8;Background;1.5;364;-1;-1
545.1;Background;1.3;365;-1;118
545.1;Stimulus;4.2;118;365;-1
547.1;Background;2;366;-1;-1
548.3;Background;1.2;367;-1;-1
549.9;Background;1.6;368;-1;119
549.9;Stimulus;4.8;119;368;-1
551.8;Background;1.9;369;-1;-1
553.5;Background;1.7;370;-1;120
553.5;Stimulus;3.6;120;370;40
553.5;Probe;16.2;40;120;-1
554.9;Background;1.4;371;-1;-1
556.5;Background;1.6;372;-1;-1
557.7;Background;1.2;373;-1;121
557.7;Stimulus;4.2;121;373;-1
559.5;Background;1.8;374;-1;-1
561.2;Background;1.7;375;-1;122
561.2;Stimulus;3.5;122;375;-1
563.1;Background;1.9;376;-1;-1
565.1;Background;2;377;-1;123
565.1;Stimulus;3.9;123;377;41
565.1;Probe;11.6;41;123;-1
567;Background;1.9;378;-1;-1
568;Background;1;379;-1;-1
569.9;Background;1.9;380;-1;124
569.9;Stimulus;4.8;124;380;-1
571.4;Background;1.5;381;-1;-1
573;Background;1.6;382;-1;-1
574.1;Background;1.1;383;-1;125
574.1;Stimulus;4.2;125;383;-1
575.9;Background;1.8;384;-1;-1
577.3;Background;1.4;385;-1;-1
578.6;Background;1.3;386;-1;126
578.6;Stimulus;4.5;126;386;42
578.6;Probe;13.5;42;126;-1
580;Background;1.4;387;-1;-1
581.5;Background;1.5;388;-1;-1
582.8;Background;1.3;389;-1;127
582.8;Stimulus;4.2;127;389;-1
584.7;Background;1.9;390;-1;-1
585.8;Background;1.1;391;-1;-1
587.6;Background;1.8;392;-1;128
587.6;Stimulus;4.8;128;392;-1
589.3;Background;1.7;393;-1;-1
591.1;Background;1.8;394;-1;-1
592.1;Background;1;395;-1;129
592.1;Stimulus;4.5;129;395;-1
594.1;Background;2;396;-1;-1
595.3;Background;1.2;397;-1;-1
596.7;Background;1.4;398;-1;130
596.7;Stimulus;4.6;130;398;43
596.7;Probe;18.1;43;130;-1
598.6;Background;1.9;399;-1;-1
599.7;Background;1.1;400;-1;131
599.7;Stimulus;3;131;400;-1
601.7;Background;2;401;-1;-1
603.3;Background;1.6;402;-1;132
603.3;Stimulus;3.6;132;402;-1
604.5;Background;1.2;403;-1;-1
606.3;Background;1.8;404;-1;-1
608.2;Background;1.9;405;-1;-1
609.3;Background;1.1;406;-1;133
609.3;Stimulus;6;133;406;44
609.3;Probe;12.6;44;133;-1
610.7;Background;1.4;407;-1;-1
612.3;Background;1.6;408;-1;-1
613.6;Background;1.3;409;-1;-1
615.3;Background;1.7;410;-1;134
615.3;Stimulus;6;134;410;-1
617.1;Background;1.8;411;-1;-1
618.3;Background;1.2;412;-1;135
618.3;Stimulus;3;135;412;45
618.3;Probe;9;45;135;-1
620.3;Background;2;413;-1;-1
621.6;Background;1.3;414;-1;136
621.6;Stimulus;3.3;136;414;-1
622.7;Background;1.1;415;-1;-1
624.4;Background;1.7;416;-1;-1
625.7;Background;1.3;417;-1;-1
626.7;Background;1;418;-1;137
626.7;Stimulus;5.1;137;418;-1
628.1;Background;1.4;419;-1;-1
629.7;Background;1.6;420;-1;-1
630.9;Background;1.2;421;-1;138
630.9;Stimulus;4.2;138;421;46
630.9;Probe;12.6;46;138;-1
632.1;Background;1.2;422;-1;-1
633.5;Background;1.4;423;-1;-1
635;Background;1.5;424;-1;-1
636;Background;1;425;-1;139
636;Stimulus;5.1;139;425;-1
637;Background;1;426;-1;-1
638.5;Background;1.5;427;-1;-1
640.5;Background;2;428;-1;-1
641.7;Background;1.2;429;-1;140
641.7;Stimulus;5.7;140;429;-1
643.5;Background;1.8;430;-1;-1
644.9;Background;1.4;431;-1;-1
646.2;Background;1.3;432;-1;141
646.2;Stimulus;4.5;141;432;47
646.2;Probe;15.3;47;141;-1
648.2;Background;2;433;-1;-1
649.4;Background;1.2;434;-1;-1
651;Background;1.6;435;-1;142
651;Stimulus;4.8;142;435;-1
652.8;Background;1.8;436;-1;-1
654.3;Background;1.5;437;-1;143
654.3;Stimulus;3.3;143;437;-1
656.3;Background;2;438;-1;-1
657.3;Background;1;439;-1;-1
658.8;Background;1.5;440;-1;-1
660.3;Background;1.5;441;-1;144
660.3;Stimulus;6;144;441;-1
662.3;Background;2;442;-1;-1
663.3;Background;1;443;-1;145
663.3;Stimulus;3;145;443;48
663.3;Probe;17.1;48;145;-1
665;Background;1.7;444;-1;-1
666.6;Background;1.6;445;-1;146
666.6;Stimulus;3.3;146;445;-1
668.1;Background;1.5;446;-1;-1
669.7;Background;1.6;447;-1;-1
670.8;Background;1.1;448;-1;147
670.8;Stimulus;4.2;147;448;-1
672.7;Background;1.9;449;-1;-1
673.8;Background;1.1;450;-1;148
673.8;Stimulus;3;148;450;-1
675.7;Background;1.9;451;-1;-1
676.7;Background;1;452;-1;-1
678.6;Background;1.9;453;-1;149
678.6;Stimulus;4.8;149;453;49
678.6;Probe;15.3;49;149;4
678.6;Level;161;4;49;-1
680.3;Background;1.7;454;-1;-1
681.9;Background;1.6;455;-1;-1
683.7;Background;1.8;456;-1;150
683.7;Stimulus;5.1;150;456;-1
685.6;Background;1.9;457;-1;-1
687.3;Background;1.7;458;-1;151
687.3;Stimulus;3.6;151;458;-1
689.2;Background;1.9;459;-1;-1
690.3;Background;1.1;460;-1;-1
692.1;Background;1.8;461;-1;152
692.1;Stimulus;4.8;152;461;50
692.1;Probe;13.5;50;152;-1
693.3;Background;1.2;462;-1;-1
695.1;Background;1.8;463;-1;-1
697;Background;1.9;464;-1;-1
698.1;Background;1.1;465;-1;153
698.1;Stimulus;6;153;465;-1
699.4;Background;1.3;466;-1;-1
700.8;Background;1.4;467;-1;-1
702;Background;1.2;468;-1;154
702;Stimulus;3.9;154;468;51
702;Probe;9.9;51;154;-1
703.5;Background;1.5;469;-1;-1
705.1;Background;1.6;470;-1;-1
706.4;Background;1.3;471;-1;-1
707.4;Background;1;472;-1;155
707.4;Stimulus;5.4;155;472;-1
709.2;Background;1.8;473;-1;-1
710.9;Background;1.7;474;-1;156
710.9;Stimulus;3.5;156;474;-1
712.4;Background;1.5;475;-1;-1
713.7;Background;1.3;476;-1;-1
715.4;Background;1.7;477;-1;-1
716.6;Background;1.2;478;-1;157
716.6;Stimulus;5.7;157;478;-1
718.6;Background;2;479;-1;-1
719.9;Background;1.3;480;-1;158
719.9;Stimulus;3.3;158;480;52
719.9;Probe;17.9;52;158;-1
721.3;Background;1.4;481;-1;-1
722.9;Background;1.6;482;-1;-1
724.2;Background;1.3;483;-1;-1
725.9;Background;1.7;484;-1;159
725.9;Stimulus;6;159;484;-1
727.7;Background;1.8;485;-1;-1
728.9;Background;1.2;486;-1;160
728.9;Stimulus;3;160;486;-1
730.7;Background;1.8;487;-1;-1
732.2;Background;1.5;488;-1;161
732.2;Stimulus;3.3;161;488;-1
734.2;Background;2;489;-1;-1
736.1;Background;1.9;490;-1;162
736.1;Stimulus;3.9;162;490;53
736.1;Probe;16.2;53;162;-1
737.5;Background;1.4;491;-1;-1
739;Background;1.5;492;-1;-1
740.3;Background;1.3;493;-1;163
740.3;Stimulus;4.2;163;493;-1
742.3;Background;2;494;-1;-1
743.3;Background;1;495;-1;164
743.3;Stimulus;3;164;495;-1
745.2;Background;1.9;496;-1;-1
746.3;Background;1.1;497;-1;165
746.3;Stimulus;3;165;497;-1
747.4;Background;1.1;498;-1;-1
749.1;Background;1.7;499;-1;-1
750.4;Background;1.3;500;-1;-1
751.4;Background;1;501;-1;166
751.4;Stimulus;5.1;166;501;54
751.4;Probe;15.3;54;166;-1
752.8;Background;1.4;502;-1;-1
753.9;Background;1.1;503;-1;-1
755.8;Background;1.9;504;-1;-1
756.8;Background;1;505;-1;167
756.8;Stimulus;5.4;167;505;-1
758.5;Background;1.7;506;-1;-1
760.3;Background;1.8;507;-1;-1
761.3;Background;1;508;-1;168
761.3;Stimulus;4.5;168;508;55
761.3;Probe;9.9;55;168;-1
763.2;Background;1.9;509;-1;-1
765.2;Background;2;510;-1;169
765.2;Stimulus;3.9;169;510;-1
766.9;Background;1.7;511;-1;-1
768;Background;1.1;512;-1;-1
769.8;Background;1.8;513;-1;-1
770.9;Background;1.1;514;-1;170
770.9;Stimulus;5.7;170;514;-1
772.9;Background;2;515;-1;-1
774.1;Background;1.2;516;-1;-1
775.7;Background;1.6;517;-1;171
775.7;Stimulus;4.8;171;517;56
775.7;Probe;14.4;56;171;-1
776.7;Background;1;518;-1;-1
778.2;Background;1.5;519;-1;-1
780.2;Background;2;520;-1;-1
781.4;Background;1.2;521;-1;172
781.4;Stimulus;5.7;172;521;-1
782.8;Background;1.4;522;-1;-1
784.1;Background;1.3;523;-1;-1
785.7;Background;1.6;524;-1;-1
786.8;Background;1.1;525;-1;173
786.8;Stimulus;5.4;173;525;-1
788.5;Background;1.7;526;-1;-1
790.1;Background;1.6;527;-1;174
790.1;Stimulus;3.3;174;527;57
790.1;Probe;14.4;57;174;-1
791.9;Background;1.8;528;-1;-1
793.1;Background;1.2;529;-1;175
793.1;Stimulus;3;175;529;-1
794.6;Background;1.5;530;-1;-1
796.2;Background;1.6;531;-1;-1
797.5;Background;1.3;532;-1;-1
798.5;Background;1;533;-1;176
798.5;Stimulus;5.4;176;533;-1
799.9;Background;1.4;534;-1;-1
801.5;Background;1.6;535;-1;-1
802.7;Background;1.2;536;-1;177
802.7;Stimulus;4.2;177;536;58
802.7;Probe;12.6;58;177;-1
804.7;Background;2;537;-1;-1
806.3;Background;1.6;538;-1;178
806.3;Stimulus;3.6;178;538;-1
808.3;Background;2;539;-1;-1
809.3;Background;1;540;-1;-1
810.8;Background;1.5;541;-1;-1
812.3;Background;1.5;542;-1;179
812.3;Stimulus;6;179;542;-1
814.2;Background;1.9;543;-1;-1
815.2;Background;1;544;-1;-1
817.1;Background;1.9;545;-1;180
817.1;Stimulus;4.8;180;545;59
817.1;Probe;14.4;59;180;-1
818.3;Background;1.2;546;-1;-1
819.7;Background;1.4;547;-1;-1
821.2;Background;1.5;548;-1;-1
822.2;Background;1;549;-1;181
822.2;Stimulus;5.1;181;549;-1
823.7;Background;1.5;550;-1;-1
825;Background;1.3;551;-1;-1
826.7;Background;1.7;552;-1;-1
827.9;Background;1.2;553;-1;182
827.9;Stimulus;5.7;182;553;-1
829.9;Background;2;554;-1;-1
831.1;Background;1.2;555;-1;-1
832.5;Background;1.4;556;-1;183
832.5;Stimulus;4.6;183;556;60
832.5;Probe;15.4;60;183;-1
834.3;Background;1.8;557;-1;-1
835.7;Background;1.4;558;-1;-1
837;Background;1.3;559;-1;184
837;Stimulus;4.5;184;559;-1
838.3;Background;1.3;560;-1;-1
839.7;Background;1.4;561;-1;-1
840.9;Background;1.2;562;-1;185
840.9;Stimulus;3.9;185;562;-1
842.6;Background;1.7;563;-1;-1
844.4;Background;1.8;564;-1;-1
845.4;Background;1;565;-1;186
845.4;Stimulus;4.5;186;565;-1
847.4;Background;2;566;-1;-1
848.7;Background;1.3;567;-1;187
848.7;Stimulus;3.3;187;567;61
848.7;Probe;16.2;61;187;-1
850.4;Background;1.7;568;-1;-1
851.5;Background;1.1;569;-1;-1
853.3;Background;1.8;570;-1;-1
854.4;Background;1.1;571;-1;188
854.4;Stimulus;5.7;188;571;-1
855.6;Background;1.2;572;-1;-1
857.4;Background;1.8;573;-1;-1
859.3;Background;1.9;574;-1;-1
860.4;Background;1.1;575;-1;189
860.4;Stimulus;6;189;575;62
860.4;Probe;11.7;62;189;5
860.4;Level;181.8;5;62;-1
862.4;Background;2;576;-1;-1
864.3;Background;1.9;577;-1;190
864.3;Stimulus;3.9;190;577;-1
866;Background;1.7;578;-1;-1
867.6;Background;1.6;579;-1;-1
869.4;Background;1.8;580;-1;191
869.4;Stimulus;5.1;191;580;-1
871.3;Background;1.9;581;-1;-1
873.3;Background;2;582;-1;192
873.3;Stimulus;3.9;192;582;-1
874.8;Background;1.5;583;-1;-1
876.4;Background;1.6;584;-1;-1
877.5;Background;1.1;585;-1;193
877.5;Stimulus;4.2;193;585;63
877.5;Probe;17.1;63;193;-1
878.8;Background;1.3;586;-1;-1
880.2;Background;1.4;587;-1;-1
881.4;Background;1.2;588;-1;194
881.4;Stimulus;3.9;194;588;-1
882.4;Background;1;589;-1;-1
883.9;Background;1.5;590;-1;-1
885.9;Background;2;591;-1;-1
887.1;Background;1.2;592;-1;195
887.1;Stimulus;5.7;195;592;-1
889;Background;1.9;593;-1;-1
890.1;Background;1.1;594;-1;-1
891.9;Background;1.8;595;-1;196
891.9;Stimulus;4.8;196;595;64
891.9;Probe;14.4;64;196;-1
893.7;Background;1.8;596;-1;-1
895.2;Background;1.5;597;-1;197
895.2;Stimulus;3.3;197;597;-1
896.6;Background;1.4;598;-1;-1
898.1;Background;1.5;599;-1;-1
899.4;Background;1.3;600;-1;198
899.4;Stimulus;4.2;198;600;-1
901.4;Background;2;601;-1;-1
902.4;Background;1;602;-1;199
902.4;Stimulus;3;199;602;-1
904.4;Background;2;603;-1;-1
905.6;Background;1.2;604;-1;-1
907.2;Background;1.6;605;-1;200
907.2;Stimulus;4.8;200;605;65
907.2;Probe;15.3;65;200;-1
908.6;Background;1.4;606;-1;-1
910.2;Background;1.6;607;-1;-1
911.5;Background;1.3;608;-1;-1
913.2;Background;1.7;609;-1;201
913.2;Stimulus;6;201;609;-1
914.7;Background;1.5;610;-1;-1
916;Background;1.3;611;-1;-1
917.7;Background;1.7;612;-1;-1
918.9;Background;1.2;613;-1;202
918.9;Stimulus;5.7;202;613;66
918.9;Probe;11.7;66;202;-1
920;Background;1.1;614;-1;-1
921.7;Background;1.7;615;-1;-1
923;Background;1.3;616;-1;-1
924;Background;1;617;-1;203
924;Stimulus;5.1;203;617;-1
925.7;Background;1.7;618;-1;-1
926.8;Background;1.1;619;-1;-1
928.6;Background;1.8;620;-1;-1
929.7;Background;1.1;621;-1;204
929.7;Stimulus;5.7;204;621;67
929.7;Probe;10.8;67;204;-1
930.9;Background;1.2;622;-1;-1
932.3;Background;1.4;623;-1;-1
933.8;Background;1.5;624;-1;-1
934.8;Background;1;625;-1;205
934.8;Stimulus;5.1;205;625;-1
936.2;Background;1.4;626;-1;-1
937.3;Background;1.1;627;-1;-1
939.2;Background;1.9;628;-1;-1
940.2;Background;1;629;-1;206
940.2;Stimulus;5.4;206;629;68
940.2;Probe;10.5;68;206;-1
942.1;Background;1.9;630;-1;-1
943.8;Background;1.7;631;-1;207
943.8;Stimulus;3.6;207;631;-1
945.2;Background;1.4;632;-1;-1
946.5;Background;1.3;633;-1;-1
948.1;Background;1.6;634;-1;-1
949.2;Background;1.1;635;-1;208
949.2;Stimulus;5.4;208;635;-1
951.2;Background;2;636;-1;-1
953.1;Background;1.9;637;-1;209
953.1;Stimulus;3.9;209;637;-1
955.1;Background;2;638;-1;-1
956.3;Background;1.2;639;-1;-1
957.7;Background;1.4;640;-1;210
957.7;Stimulus;4.6;210;640;69
957.7;Probe;17.5;69;210;-1
959.4;Background;1.7;641;-1;-1
961;Background;1.6;642;-1;-1
962.8;Background;1.8;643;-1;211
962.8;Stimulus;5.1;211;643;-1
964.7;Background;1.9;644;-1;-1
965.7;Background;1;645;-1;-1
967.6;Background;1.9;646;-1;212
967.6;Stimulus;4.8;212;646;70
967.6;Probe;9.9;70;212;-1
969.5;Background;1.9;647;-1;-1
970.6;Background;1.1;648;-1;213
970.6;Stimulus;3;213;648;-1
972.4;Background;1.8;649;-1;-1
974.1;Background;1.7;650;-1;214
974.1;Stimulus;3.5;214;650;-1
976.1;Background;2;651;-1;-1
977.1;Background;1;652;-1;-1
978.6;Background;1.5;653;-1;-1
980.1;Background;1.5;654;-1;215
980.1;Stimulus;6;215;654;71
980.1;Probe;12.5;71;215;-1
981.5;Background;1.4;655;-1;-1
983.1;Background;1.6;656;-1;-1
984.3;Background;1.2;657;-1;216
984.3;Stimulus;4.2;216;657;-1
986.3;Background;2;658;-1;-1
987.9;Background;1.6;659;-1;217
987.9;Stimulus;3.6;217;659;-1
989.8;Background;1.9;660;-1;-1
991.8;Background;2;661;-1;218
991.8;Stimulus;3.9;218;661;72
991.8;Probe;11.7;72;218;-1
993.3;Background;1.5;662;-1;-1
994.9;Background;1.6;663;-1;-1
996;Background;1.1;664;-1;219
996;Stimulus;4.2;219;664;-1
997.8;Background;1.8;665;-1;-1
999;Background;1.2;666;-1;220
999;Stimulus;3;220;666;-1
1001;Background;2;667;-1;-1
1002;Background;1;668;-1;221
1002;Stimulus;3;221;668;-1
1003.1;Background;1.1;669;-1;-1
1004.8;Background;1.7;670;-1;-1
1006.1;Background;1.3;671;-1;-1
1007.1;Background;1;672;-1;222
1007.1;Stimulus;5.1;222;672;73
1007.1;Probe;15.3;73;222;-1
1008.8;Background;1.7;673;-1;-1
1010.4;Background;1.6;674;-1;223
1010.4;Stimulus;3.3;223;674;-1
1011.6;Background;1.2;675;-1;-1
1013;Background;1.4;676;-1;-1
1014.5;Background;1.5;677;-1;-1
1015.5;Background;1;678;-1;224
1015.5;Stimulus;5.1;224;678;-1
1016.9;Background;1.4;679;-1;-1
1018.4;Background;1.5;680;-1;-1
1019.7;Background;1.3;681;-1;225
1019.7;Stimulus;4.2;225;681;74
1019.7;Probe;12.6;74;225;6
1019.7;Level;159.3;6;74;-1
1020.7;Background;1;682;-1;-1
1022.2;Background;1.5;683;-1;-1
1024.2;Background;2;684;-1;-1
1025.4;Background;1.2;685;-1;226
1025.4;Stimulus;5.7;226;685;-1
1027.4;Background;2;686;-1;-1
1028.7;Background;1.3;687;-1;227
1028.7;Stimulus;3.3;227;687;-1
1030.5;Background;1.8;688;-1;-1
1031.9;Background;1.4;689;-1;-1
1033.2;Background;1.3;690;-1;228
1033.2;Stimulus;4.5;228;690;75
1033.2;Probe;13.5;75;228;-1
1034.9;Background;1.7;691;-1;-1
1036.5;Background;1.6;692;-1;-1
1038.3;Background;1.8;693;-1;229
1038.3;Stimulus;5.1;229;693;-1
1039.6;Background;1.3;694;-1;-1
1041;Background;1.4;695;-1;-1
1042.2;Background;1.2;696;-1;230
1042.2;Stimulus;3.9;230;696;-1
1043.4;Background;1.2;697;-1;-1
1045.2;Background;1.8;698;-1;-1
1047.1;Background;1.9;699;-1;-1
1048.2;Background;1.1;700;-1;231
1048.2;Stimulus;6;231;700;-1
1050.1;Background;1.9;701;-1;-1
1051.2;Background;1.1;702;-1;232
1051.2;Stimulus;3;232;702;76
1051.2;Probe;18;76;232;-1
1052.6;Background;1.4;703;-1;-1
1054.2;Background;1.6;704;-1;-1
1055.4;Background;1.2;705;-1;233
1055.4;Stimulus;4.2;233;705;-1
1057.3;Background;1.9;706;-1;-1
1058.4;Background;1.1;707;-1;-1
1060.2;Background;1.8;708;-1;234
1060.2;Stimulus;4.8;234;708;-1
1061.9;Background;1.7;709;-1;-1
1063.7;Background;1.8;710;-1;-1
1064.7;Background;1;711;-1;235
1064.7;Stimulus;4.5;235;711;-1
1066.7;Background;2;712;-1;-1
1067.9;Background;1.2;713;-1;-1
1069.3;Background;1.4;714;-1;236
1069.3;Stimulus;4.6;236;714;77
1069.3;Probe;18.1;77;236;-1
1070.8;Background;1.5;715;-1;-1
1072.1;Background;1.3;716;-1;-1
1073.8;Background;1.7;717;-1;-1
1075;Background;1.2;718;-1;237
1075;Stimulus;5.7;237;718;-1
1076.4;Background;1.4;719;-1;-1
1078;Background;1.6;720;-1;-1
1079.3;Background;1.3;721;-1;-1
1081;Background;1.7;722;-1;238
1081;Stimulus;6;238;722;78
1081;Probe;11.7;78;238;-1
1083;Background;2;723;-1;-1
1084;Background;1;724;-1;-1
1085.5;Background;1.5;725;-1;-1
1087;Background;1.5;726;-1;239
1087;Stimulus;6;239;726;-1
1089;Background;2;727;-1;-1
1090.9;Background;1.9;728;-1;240
1090.9;Stimulus;3.9;240;728;79
1090.9;Probe;9.9;79;240;-1
1092.9;Background;2;729;-1;-1
1094.1;Background;1.2;730;-1;-1
1095.7;Background;1.6;731;-1;241
1095.7;Stimulus;4.8;241;731;-1
1097.2;Background;1.5;732;-1;-1
1098.8;Background;1.6;733;-1;-1
1099.9;Background;1.1;734;-1;242
1099.9;Stimulus;4.2;242;734;-1
1101.7;Background;1.8;735;-1;-1
1103.1;Background;1.4;736;-1;-1
1104.4;Background;1.3;737;-1;243
1104.4;Stimulus;4.5;243;737;80
1104.4;Probe;13.5;80;243;-1
1105.5;Background;1.1;738;-1;-1
1107.2;Background;1.7;739;-1;-1
1108.5;Background;1.3;740;-1;-1
1109.5;Background;1;741;-1;244
1109.5;Stimulus;5.1;244;741;-1
1111.2;Background;1.7;742;-1;-1
1112.3;Background;1.1;743;-1;-1
1114.1;Background;1.8;744;-1;-1
1115.2;Background;1.1;745;-1;245
1115.2;Stimulus;5.7;245;745;-1
1116.9;Background;1.7;746;-1;-1
1118.7;Background;1.8;747;-1;-1
1119.7;Background;1;748;-1;246
1119.7;Stimulus;4.5;246;748;81
1119.7;Probe;15.3;81;246;-1
1120.9;Background;1.2;749;-1;-1
1122.3;Background;1.4;750;-1;-1
1123.8;Background;1.5;751;-1;-1
1124.8;Background;1;752;-1;247
1124.8;Stimulus;5.1;247;752;-1
1126.7;Background;1.9;753;-1;-1
1128.4;Background;1.7;754;-1;248
1128.4;Stimulus;3.6;248;754;-1
1130.3;Background;1.9;755;-1;-1
1131.3;Background;1;756;-1;-1
1133.2;Background;1.9;757;-1;249
1133.2;Stimulus;4.8;249;757;82
1133.2;Probe;13.5;82;249;-1
1134.2;Background;1;758;-1;-1
1135.7;Background;1.5;759;-1;-1
1137.7;Background;2;760;-1;-1
1138.9;Background;1.2;761;-1;250
1138.9;Stimulus;5.7;250;761;-1
1140.4;Background;1.5;762;-1;-1
1142;Background;1.6;763;-1;-1
1143.3;Background;1.3;764;-1;-1
1144.3;Background;1;765;-1;251
1144.3;Stimulus;5.4;251;765;-1
1146.1;Background;1.8;766;-1;-1
1147.6;Background;1.5;767;-1;252
1147.6;Stimulus;3.3;252;767;83
1147.6;Probe;14.4;83;252;-1
1149.3;Background;1.7;768;-1;-1
1150.9;Background;1.6;769;-1;253
1150.9;Stimulus;3.3;253;769;-1
1152.3;Background;1.4;770;-1;-1
1153.8;Background;1.5;771;-1;-1
1155.1;Background;1.3;772;-1;254
1155.1;Stimulus;4.2;254;772;-1
1156.9;Background;1.8;773;-1;-1
1158.1;Background;1.2;774;-1;255
1158.1;Stimulus;3;255;774;-1
1160;Background;1.9;775;-1;-1
1161.1;Background;1.1;776;-1;-1
1162.9;Background;1.8;777;-1;256
1162.9;Stimulus;4.8;256;777;84
1162.9;Probe;15.3;84;256;-1
1164.9;Background;2;778;-1;-1
1166.1;Background;1.2;779;-1;-1
1167.7;Background;1.6;780;-1;257
1167.7;Stimulus;4.8;257;780;-1
1169.7;Background;2;781;-1;-1
1171;Background;1.3;782;-1;258
1171;Stimulus;3.3;258;782;-1
1172.2;Background;1.2;783;-1;-1
1174;Background;1.8;784;-1;-1
1175.9;Background;1.9;785;-1;-1
1177;Background;1.1;786;-1;259
1177;Stimulus;6;259;786;-1
1179;Background;2;787;-1;-1
1180;Background;1;788;-1;260
1180;Stimulus;3;260;788;85
1180;Probe;17.1;85;260;-1
1181.5;Background;1.5;789;-1;-1
1182.8;Background;1.3;790;-1;-1
1184.5;Background;1.7;791;-1;-1
1185.7;Background;1.2;792;-1;261
1185.7;Stimulus;5.7;261;792;-1
1187.5;Background;1.8;793;-1;-1
1189;Background;1.5;794;-1;262
1189;Stimulus;3.3;262;794;86
1189;Probe;9;86;262;7
1189;Level;169.3;7;86;-1
1190.8;Background;1.8;795;-1;-1
1192.5;Background;1.7;796;-1;263
1192.5;Stimulus;3.5;263;796;-1
1193.9;Background;1.4;797;-1;-1
1195.5;Background;1.6;798;-1;-1
1196.7;Background;1.2;799;-1;264
1196.7;Stimulus;4.2;264;799;-1
1198.6;Background;1.9;800;-1;-1
1199.6;Background;1;801;-1;-1
1201.5;Background;1.9;802;-1;265
1201.5;Stimulus;4.8;265;802;-1
1203.5;Background;2;803;-1;-1
1205.1;Background;1.6;804;-1;266
1205.1;Stimulus;3.6;266;804;87
1205.1;Probe;16.1;87;266;-1
1206.5;Background;1.4;805;-1;-1
1208.1;Background;1.6;806;-1;-1
1209.4;Background;1.3;807;-1;-1
1211.1;Background;1.7;808;-1;267
1211.1;Stimulus;6;267;808;-1
1212.8;Background;1.7;809;-1;-1
1213.9;Background;1.1;810;-1;-1
1215.7;Background;1.8;811;-1;-1
1216.8;Background;1.1;812;-1;268
1216.8;Stimulus;5.7;268;812;88
1216.8;Probe;11.7;88;268;-1
1218.2;Background;1.4;813;-1;-1
1219.3;Background;1.1;814;-1;-1
1221.2;Background;1.9;815;-1;-1
1222.2;Background;1;816;-1;269
1222.2;Stimulus;5.4;269;816;-1
1224.1;Background;1.9;817;-1;-1
1225.8;Background;1.7;818;-1;270
1225.8;Stimulus;3.6;270;818;89
1225.8;Probe;9;89;270;-1
1227.2;Background;1.4;819;-1;-1
1228.5;Background;1.3;820;-1;-1
1230.1;Background;1.6;821;-1;-1
1231.2;Background;1.1;822;-1;271
1231.2;Stimulus;5.4;271;822;-1
1232.7;Background;1.5;823;-1;-1
1234.3;Background;1.6;824;-1;-1
1235.6;Background;1.3;825;-1;-1
1236.6;Background;1;826;-1;272
1236.6;Stimulus;5.4;272;826;90
1236.6;Probe;10.8;90;272;-1
1238.4;Background;1.8;827;-1;-1
1240.1;Background;1.7;828;-1;273
1240.1;Stimulus;3.5;273;828;-1
1242.1;Background;2;829;-1;-1
1243.1;Background;1;830;-1;-1
1244.6;Background;1.5;831;-1;-1
1246.1;Background;1.5;832;-1;274
1246.1;Stimulus;6;274;832;-1
1248;Background;1.9;833;-1;-1
1249.1;Background;1.1;834;-1;-1
1250.9;Background;1.8;835;-1;275
1250.9;Stimulus;4.8;275;835;91
1250.9;Probe;14.3;91;275;-1
1251.9;Background;1;836;-1;-1
1253.4;Background;1.5;837;-1;-1
1255.4;Background;2;838;-1;-1
1256.6;Background;1.2;839;-1;276
1256.6;Stimulus;5.7;276;839;-1
1258.3;Background;1.7;840;-1;-1
1259.9;Background;1.6;841;-1;277
1259.9;Stimulus;3.3;277;841;-1
1261.9;Background;2;842;-1;-1
1263.1;Background;1.2;843;-1;-1
1264.5;Background;1.4;844;-1;278
1264.5;Stimulus;4.6;278;844;92
1264.5;Probe;13.6;92;278;-1
1265.7;Background;1.2;845;-1;-1
1267.5;Background;1.8;846;-1;-1
1269.4;Background;1.9;847;-1;-1
1270.5;Background;1.1;848;-1;279
1270.5;Stimulus;6;279;848;-1
1272.4;Background;1.9;849;-1;-1
1273.5;Background;1.1;850;-1;280
1273.5;Stimulus;3;280;850;-1
1275.5;Background;2;851;-1;-1
1276.8;Background;1.3;852;-1;281
1276.8;Stimulus;3.3;281;852;-1
1278.7;Background;1.9;853;-1;-1
1280.7;Background;2;854;-1;282
1280.7;Stimulus;3.9;282;854;93
1280.7;Probe;16.2;93;282;-1
1282.5;Background;1.8;855;-1;-1
1283.9;Background;1.4;856;-1;-1
1285.2;Background;1.3;857;-1;283
1285.2;Stimulus;4.5;283;857;-1
1286.5;Background;1.3;858;-1;-1
1287.9;Background;1.4;859;-1;-1
1289.1;Background;1.2;860;-1;284
1289.1;Stimulus;3.9;284;860;-1
1290.8;Background;1.7;861;-1;-1
1292.6;Background;1.8;862;-1;-1
1293.6;Background;1;863;-1;285
1293.6;Stimulus;4.5;285;863;-1
1295.4;Background;1.8;864;-1;-1
1296.9;Background;1.5;865;-1;286
1296.9;Stimulus;3.3;286;865;94
1296.9;Probe;16.2;94;286;-1
1298.6;Background;1.7;866;-1;-1
1300.2;Background;1.6;867;-1;-1
1302;Background;1.8;868;-1;287
1302;Stimulus;5.1;287;868;-1
1303.5;Background;1.5;869;-1;-1
1304.8;Background;1.3;870;-1;-1
1306.5;Background;1.7;871;-1;-1
1307.7;Background;1.2;872;-1;288
1307.7;Stimulus;5.7;288;872;95
1307.7;Probe;10.8;95;288;-1
1309.5;Background;1.8;873;-1;-1
1310.7;Background;1.2;874;-1;289
1310.7;Stimulus;3;289;874;-1
1312.1;Background;1.4;875;-1;-1
1313.2;Background;1.1;876;-1;-1
1315.1;Background;1.9;877;-1;-1
1316.1;Background;1;878;-1;290
1316.1;Stimulus;5.4;290;878;-1
1317.6;Background;1.5;879;-1;-1
1319.2;Background;1.6;880;-1;-1
1320.3;Background;1.1;881;-1;291
1320.3;Stimulus;4.2;291;881;96
1320.3;Probe;12.6;96;291;-1
1321.7;Background;1.4;882;-1;-1
1323;Background;1.3;883;-1;-1
1324.6;Background;1.6;884;-1;-1
1325.7;Background;1.1;885;-1;292
1325.7;Stimulus;5.4;292;885;-1
1327.7;Background;2;886;-1;-1
1328.9;Background;1.2;887;-1;-1
1330.3;Background;1.4;888;-1;293
1330.3;Stimulus;4.6;293;888;97
1330.3;Probe;10;97;293;-1
1331.4;Background;1.1;889;-1;-1
1333.1;Background;1.7;890;-1;-1
1334.4;Background;1.3;891;-1;-1
1335.4;Background;1;892;-1;294
1335.4;Stimulus;5.1;294;892;-1
1336.9;Background;1.5;893;-1;-1
1338.5;Background;1.6;894;-1;-1
1339.8;Background;1.3;895;-1;-1
1340.8;Background;1;896;-1;295
1340.8;Stimulus;5.4;295;896;98
1340.8;Probe;10.5;98;295;-1
1342.8;Background;2;897;-1;-1
1344.4;Background;1.6;898;-1;296
1344.4;Stimulus;3.6;296;898;-1
1345.8;Background;1.4;899;-1;-1
1347.3;Background;1.5;900;-1;-1
1348.6;Background;1.3;901;-1;297
1348.6;Stimulus;4.2;297;901;-1
1350.6;Background;2;902;-1;-1
1351.8;Background;1.2;903;-1;-1
1353.4;Background;1.6;904;-1;298
1353.4;Stimulus;4.8;298;904;-1
1355.3;Background;1.9;905;-1;-1
1357;Background;1.7;906;-1;299
1357;Stimulus;3.6;299;906;99
1357;Probe;16.2;99;299;8
1357;Level;168;8;99;-1
1359;Background;2;907;-1;-1
1360.9;Background;1.9;908;-1;300
1360.9;Stimulus;3.9;300;908;-1
1362.6;Background;1.7;909;-1;-1
1363.7;Background;1.1;910;-1;-1
1365.5;Background;1.8;911;-1;-1
1366.6;Background;1.1;912;-1;301
1366.6;Stimulus;5.7;301;912;-1
1368.5;Background;1.9;913;-1;-1
1369.5;Background;1;914;-1;-1
1371.4;Background;1.9;915;-1;302
1371.4;Stimulus;4.8;302;915;100
1371.4;Probe;14.4;100;302;-1
1372.4;Background;1;916;-1;-1
1373.9;Background;1.5;917;-1;-1
1375.9;Background;2;918;-1;-1
1377.1;Background;1.2;919;-1;303
1377.1;Stimulus;5.7;303;919;-1
1378.5;Background;1.4;920;-1;-1
1379.6;Background;1.1;921;-1;-1
1381.5;Background;1.9;922;-1;-1
1382.5;Background;1;923;-1;304
1382.5;Stimulus;5.4;304;923;-1
1384.2;Background;1.7;924;-1;-1
1385.8;Background;1.6;925;-1;305
1385.8;Stimulus;3.3;305;925;101
1385.8;Probe;14.4;101;305;-1
1387.6;Background;1.8;926;-1;-1
1389.3;Background;1.7;927;-1;306
1389.3;Stimulus;3.5;306;927;-1
1390.7;Background;1.4;928;-1;-1
1392.3;Background;1.6;929;-1;-1
1393.6;Background;1.3;930;-1;-1
1395.3;Background;1.7;931;-1;307
1395.3;Stimulus;6;307;931;-1
1397.2;Background;1.9;932;-1;-1
1398.3;Background;1.1;933;-1;-1
1400.1;Background;1.8;934;-1;308
1400.1;Stimulus;4.8;308;934;102
1400.1;Probe;14.3;102;308;-1
1402.1;Background;2;935;-1;-1
1403.3;Background;1.2;936;-1;-1
1404.9;Background;1.6;937;-1;309
1404.9;Stimulus;4.8;309;937;-1
1406.3;Background;1.4;938;-1;-1
1407.9;Background;1.6;939;-1;-1
1409.1;Background;1.2;940;-1;310
1409.1;Stimulus;4.2;310;940;-1
1410.9;Background;1.8;941;-1;-1
1412.3;Background;1.4;942;-1;-1
1413.6;Background;1.3;943;-1;311
1413.6;Stimulus;4.5;311;943;103
1413.6;Probe;13.5;103;311;-1
1415.1;Background;1.5;944;-1;-1
1416.7;Background;1.6;945;-1;-1
1417.8;Background;1.1;946;-1;312
1417.8;Stimulus;4.2;312;946;-1
1419.8;Background;2;947;-1;-1
1420.8;Background;1;948;-1;313
1420.8;Stimulus;3;313;948;-1
1422.7;Background;1.9;949;-1;-1
1423.8;Background;1.1;950;-1;314
1423.8;Stimulus;3;314;950;-1
1425;Background;1.2;951;-1;-1
1426.4;Background;1.4;952;-1;-1
1427.9;Background;1.5;953;-1;-1
1428.9;Background;1;954;-1;315
1428.9;Stimulus;5.1;315;954;104
1428.9;Probe;15.3;104;315;-1
1430.6;Background;1.7;955;-1;-1
1432.2;Background;1.6;956;-1;-1
1434;Background;1.8;957;-1;316
1434;Stimulus;5.1;316;957;-1
1436;Background;2;958;-1;-1
1437.6;Background;1.6;959;-1;317
1437.6;Stimulus;3.6;317;959;-1
1439.5;Background;1.9;960;-1;-1
1440.5;Background;1;961;-1;-1
1442.4;Background;1.9;962;-1;318
1442.4;Stimulus;4.8;318;962;105
1442.4;Probe;13.5;105;318;-1
1444.4;Background;2;963;-1;-1
1445.4;Background;1;964;-1;-1
1446.9;Background;1.5;965;-1;-1
1448.4;Background;1.5;966;-1;319
1448.4;Stimulus;6;319;966;-1
1450.2;Background;1.8;967;-1;-1
1451.4;Background;1.2;968;-1;320
1451.4;Stimulus;3;320;968;-1
1453.4;Background;2;969;-1;-1
1454.7;Background;1.3;970;-1;321
1454.7;Stimulus;3.3;321;970;-1
1456.6;Background;1.9;971;-1;-1
1458.6;Background;2;972;-1;322
1458.6;Stimulus;3.9;322;972;106
1458.6;Probe;16.2;106;322;-1
1460.1;Background;1.5;973;-1;-1
1461.4;Background;1.3;974;-1;-1
1463.1;Background;1.7;975;-1;-1
1464.3;Background;1.2;976;-1;323
1464.3;Stimulus;5.7;323;976;-1
1466.1;Background;1.8;977;-1;-1
1467.6;Background;1.5;978;-1;324
1467.6;Stimulus;3.3;324;978;-1
1469.3;Background;1.7;979;-1;-1
1471.1;Background;1.8;980;-1;-1
1472.1;Background;1;981;-1;325
1472.1;Stimulus;4.5;325;981;107
1472.1;Probe;13.5;107;325;-1
1474.1;Background;2;982;-1;-1
1475.1;Background;1;983;-1;326
1475.1;Stimulus;3;326;983;-1
1477;Background;1.9;984;-1;-1
1478.7;Background;1.7;985;-1;327
1478.7;Stimulus;3.6;327;985;-1
1479.9;Background;1.2;986;-1;-1
1481.7;Background;1.8;987;-1;-1
1483.6;Background;1.9;988;-1;-1
1484.7;Background;1.1;989;-1;328
1484.7;Stimulus;6;328;989;108
1484.7;Probe;12.6;108;328;-1
1486.1;Background;1.4;990;-1;-1
1487.7;Background;1.6;991;-1;-1
1489;Background;1.3;992;-1;-1
1490.7;Background;1.7;993;-1;329
1490.7;Stimulus;6;329;993;-1
1492.6;Background;1.9;994;-1;-1
1493.7;Background;1.1;995;-1;330
1493.7;Stimulus;3;330;995;109
1493.7;Probe;9;109;330;-1
1494.8;Background;1.1;996;-1;-1
1496.5;Background;1.7;997;-1;-1
1497.8;Background;1.3;998;-1;-1
1498.8;Background;1;999;-1;331
1498.8;Stimulus;5.1;331;999;-1
1500.5;Background;1.7;1000;-1;-1
1501.6;Background;1.1;1001;-1;-1
1503.4;Background;1.8;1002;-1;-1
1504.5;Background;1.1;1003;-1;332
1504.5;Stimulus;5.7;332;1003;-1
1506.5;Background;2;1004;-1;-1
1507.7;Background;1.2;1005;-1;-1
1509.1;Background;1.4;1006;-1;333
1509.1;Stimulus;4.6;333;1006;110
1509.1;Probe;15.4;110;333;-1
1510.8;Background;1.7;1007;-1;-1
1512.4;Background;1.6;1008;-1;334
1512.4;Stimulus;3.3;334;1008;-1
1513.8;Background;1.4;1009;-1;-1
1515.3;Background;1.5;1010;-1;-1
1516.6;Background;1.3;1011;-1;335
1516.6;Stimulus;4.2;335;1011;-1
1518.4;Background;1.8;1012;-1;-1
1519.6;Background;1.2;1013;-1;336
1519.6;Stimulus;3;336;1013;-1
1521.5;Background;1.9;1014;-1;-1
1522.6;Background;1.1;1015;-1;-1
1524.4;Background;1.8;1016;-1;337
1524.4;Stimulus;4.8;337;1016;111
1524.4;Probe;15.3;111;337;-1
1525.8;Background;1.4;1017;-1;-1
1527.1;Background;1.3;1018;-1;-1
1528.7;Background;1.6;1019;-1;-1
1529.8;Background;1.1;1020;-1;338
1529.8;Stimulus;5.4;338;1020;-1
1531.6;Background;1.8;1021;-1;-1
1533.3;Background;1.7;1022;-1;339
1533.3;Stimulus;3.5;339;1022;-1
1534.3;Background;1;1023;-1;-1
1535.8;Background;1.5;1024;-1;-1
1537.8;Background;2;1025;-1;-1
1539;Background;1.2;1026;-1;340
1539;Stimulus;5.7;340;1026;-1
1541;Background;2;1027;-1;-1
1542.3;Background;1.3;1028;-1;341
1542.3;Stimulus;3.3;341;1028;112
1542.3;Probe;17.9;112;341;9
1542.3;Level;185.3;9;112;-1
1543.6;Background;1.3;1029;-1;-1
1545;Background;1.4;1030;-1;-1
1546.2;Background;1.2;1031;-1;342
1546.2;Stimulus;3.9;342;1031;-1
1547.4;Background;1.2;1032;-1;-1
1548.8;Background;1.4;1033;-1;-1
1550.3;Background;1.5;1034;-1;-1
1551.3;Background;1;1035;-1;343
1551.3;Stimulus;5.1;343;1035;-1
1553.3;Background;2;1036;-1;-1
1555.2;Background;1.9;1037;-1;344
1555.2;Stimulus;3.9;344;1037;-1
1556.6;Background;1.4;1038;-1;-1
1558.2;Background;1.6;1039;-1;-1
1559.4;Background;1.2;1040;-1;345
1559.4;Stimulus;4.2;345;1040;113
1559.4;Probe;17.1;113;345;-1
1561.4;Background;2;1041;-1;-1
1563;Background;1.6;1042;-1;346
1563;Stimulus;3.6;346;1042;-1
1564.5;Background;1.5;1043;-1;-1
1566.1;Background;1.6;1044;-1;-1
1567.4;Background;1.3;1045;-1;-1
1568.4;Background;1;1046;-1;347
1568.4;Stimulus;5.4;347;1046;-1
1570.3;Background;1.9;1047;-1;-1
1572.3;Background;2;1048;-1;348
1572.3;Stimulus;3.9;348;1048;-1
1574.1;Background;1.8;1049;-1;-1
1575.5;Background;1.4;1050;-1;-1
1576.8;Background;1.3;1051;-1;349
1576.8;Stimulus;4.5;349;1051;114
1576.8;Probe;17.4;114;349;-1
1578.5;Background;1.7;1052;-1;-1
1580.1;Background;1.6;1053;-1;-1
1581.9;Background;1.8;1054;-1;350
1581.9;Stimulus;5.1;350;1054;-1
1583.2;Background;1.3;1055;-1;-1
1584.6;Background;1.4;1056;-1;-1
1585.8;Background;1.2;1057;-1;351
1585.8;Stimulus;3.9;351;1057;-1
1587.8;Background;2;1058;-1;-1
1588.8;Background;1;1059;-1;-1
1590.3;Background;1.5;1060;-1;-1
1591.8;Background;1.5;1061;-1;352
1591.8;Stimulus;6;352;1061;-1
1593.8;Background;2;1062;-1;-1
1594.8;Background;1;1063;-1;353
1594.8;Stimulus;3;353;1063;115
1594.8;Probe;18;115;353;-1
1596.3;Background;1.5;1064;-1;-1
1597.9;Background;1.6;1065;-1;-1
1599;Background;1.1;1066;-1;354
1599;Stimulus;4.2;354;1066;-1
1600.9;Background;1.9;1067;-1;-1
1602;Background;1.1;1068;-1;355
1602;Stimulus;3;355;1068;-1
1603.8;Background;1.8;1069;-1;-1
1605;Background;1.2;1070;-1;356
1605;Stimulus;3;356;1070;-1
1606.1;Background;1.1;1071;-1;-1
1607.8;Background;1.7;1072;-1;-1
1609.1;Background;1.3;1073;-1;-1
1610.1;Background;1;1074;-1;357
1610.1;Stimulus;5.1;357;1074;116
1610.1;Probe;15.3;116;357;-1
1611.8;Background;1.7;1075;-1;-1
1613.6;Background;1.8;1076;-1;-1
1614.6;Background;1;1077;-1;358
1614.6;Stimulus;4.5;358;1077;-1
1616.6;Background;2;1078;-1;-1
1618.5;Background;1.9;1079;-1;359
1618.5;Stimulus;3.9;359;1079;-1
1620.5;Background;2;1080;-1;-1
1621.7;Background;1.2;1081;-1;-1
1623.1;Background;1.4;1082;-1;360
1623.1;Stimulus;4.6;360;1082;-1
1624.9;Background;1.8;1083;-1;-1
1626.4;Background;1.5;1084;-1;361
1626.4;Stimulus;3.3;361;1084;117
1626.4;Probe;16.3;117;361;-1
1628.3;Background;1.9;1085;-1;-1
1630;Background;1.7;1086;-1;362
1630;Stimulus;3.6;362;1086;-1
1631.4;Background;1.4;1087;-1;-1
1632.9;Background;1.5;1088;-1;-1
1634.2;Background;1.3;1089;-1;363
1634.2;Stimulus;4.2;363;1089;-1
1636.2;Background;2;1090;-1;-1
1637.4;Background;1.2;1091;-1;-1
1639;Background;1.6;1092;-1;364
1639;Stimulus;4.8;364;1092;-1
1640.8;Background;1.8;1093;-1;-1
1642.5;Background;1.7;1094;-1;365
1642.5;Stimulus;3.5;365;1094;118
1642.5;Probe;16.1;118;365;-1
1643.7;Background;1.2;1095;-1;-1
1645.1;Background;1.4;1096;-1;-1
1646.6;Background;1.5;1097;-1;-1
1647.6;Background;1;1098;-1;366
1647.6;Stimulus;5.1;366;1098;-1
1649.1;Background;1.5;1099;-1;-1
1650.4;Background;1.3;1100;-1;-1
1652.1;Background;1.7;1101;-1;-1
1653.3;Background;1.2;1102;-1;367
1653.3;Stimulus;5.7;367;1102;-1
1655.1;Background;1.8;1103;-1;-1
1656.5;Background;1.4;1104;-1;-1
1657.8;Background;1.3;1105;-1;368
1657.8;Stimulus;4.5;368;1105;119
1657.8;Probe;15.3;119;368;-1
1659.7;Background;1.9;1106;-1;-1
1660.7;Background;1;1107;-1;-1
1662.6;Background;1.9;1108;-1;369
1662.6;Stimulus;4.8;369;1108;-1
1664;Background;1.4;1109;-1;-1
1665.6;Background;1.6;1110;-1;-1
1666.8;Background;1.2;1111;-1;370
1666.8;Stimulus;4.2;370;1111;-1
1668.5;Background;1.7;1112;-1;-1
1670.3;Background;1.8;1113;-1;-1
1671.3;Background;1;1114;-1;371
1671.3;Stimulus;4.5;371;1114;120
1671.3;Probe;13.5;120;371;-1
1673;Background;1.7;1115;-1;-1
1674.1;Background;1.1;1116;-1;-1
1675.9;Background;1.8;1117;-1;-1
1677;Background;1.1;1118;-1;372
1677;Stimulus;5.7;372;1118;-1
1678.7;Background;1.7;1119;-1;-1
1680.3;Background;1.6;1120;-1;373
1680.3;Stimulus;3.3;373;1120;121
1680.3;Probe;9;121;373;-1
1682;Background;1.7;1121;-1;-1
1683.6;Background;1.6;1122;-1;-1
1685.4;Background;1.8;1123;-1;374
1685.4;Stimulus;5.1;374;1123;-1
1687.3;Background;1.9;1124;-1;-1
1688.4;Background;1.1;1125;-1;-1
1690.2;Background;1.8;1126;-1;375
1690.2;Stimulus;4.8;375;1126;122
1690.2;Probe;9.9;122;375;-1
1691.6;Background;1.4;1127;-1;-1
1692.7;Background;1.1;1128;-1;-1
1694.6;Background;1.9;1129;-1;-1
1695.6;Background;1;1130;-1;376
1695.6;Stimulus;5.4;376;1130;-1
1697.6;Background;2;1131;-1;-1
1699.2;Background;1.6;1132;-1;377
1699.2;Stimulus;3.6;377;1132;123
1699.2;Probe;9;123;377;-1
1700.4;Background;1.2;1133;-1;-1
1702.2;Background;1.8;1134;-1;-1
1704.1;Background;1.9;1135;-1;-1
1705.2;Background;1.1;1136;-1;378
1705.2;Stimulus;6;378;1136;-1
1707.1;Background;1.9;1137;-1;-1
1709.1;Background;2;1138;-1;379
1709.1;Stimulus;3.9;379;1138;124
1709.1;Probe;9.9;124;379;10
1709.1;Level;166.8;10;124;-1
1711.1;Background;2;1139;-1;-1
1712.3;Background;1.2;1140;-1;-1
1713.9;Background;1.6;1141;-1;380
1713.9;Stimulus;4.8;380;1141;-1
1715.9;Background;2;1142;-1;-1
1717.2;Background;1.3;1143;-1;381
1717.2;Stimulus;3.3;381;1143;-1
1718.6;Background;1.4;1144;-1;-1
1720.2;Background;1.6;1145;-1;-1
1721.5;Background;1.3;1146;-1;-1
1723.2;Background;1.7;1147;-1;382
1723.2;Stimulus;6;382;1147;-1
1725.2;Background;2;1148;-1;-1
1726.2;Background;1;1149;-1;383
1726.2;Stimulus;3;383;1149;125
1726.2;Probe;17.1;125;383;-1
1728.2;Background;2;1150;-1;-1
1729.2;Background;1;1151;-1;-1
1730.7;Background;1.5;1152;-1;-1
1732.2;Background;1.5;1153;-1;384
1732.2;Stimulus;6;384;1153;-1
1734.1;Background;1.9;1154;-1;-1
1735.2;Background;1.1;1155;-1;385
1735.2;Stimulus;3;385;1155;126
1735.2;Probe;9;126;385;-1
1736.5;Background;1.3;1156;-1;-1
1737.9;Background;1.4;1157;-1;-1
1739.1;Background;1.2;1158;-1;386
1739.1;Stimulus;3.9;386;1158;-1
1740.2;Background;1.1;1159;-1;-1
1741.9;Background;1.7;1160;-1;-1
1743.2;Background;1.3;1161;-1;-1
1744.2;Background;1;1162;-1;387
1744.2;Stimulus;5.1;387;1162;-1
1746.2;Background;2;1163;-1;-1
1748.1;Background;1.9;1164;-1;388
1748.1;Stimulus;3.9;388;1164;-1
1749.6;Background;1.5;1165;-1;-1
1751.2;Background;1.6;1166;-1;-1
1752.3;Background;1.1;1167;-1;389
1752.3;Stimulus;4.2;389;1167;127
1752.3;Probe;17.1;127;389;-1
1753.7;Background;1.4;1168;-1;-1
1755;Background;1.3;1169;-1;-1
1756.6;Background;1.6;1170;-1;-1
1757.7;Background;1.1;1171;-1;390
1757.7;Stimulus;5.4;390;1171;-1
1759.7;Background;2;1172;-1;-1
1760.9;Background;1.2;1173;-1;-1
1762.3;Background;1.4;1174;-1;391
1762.3;Stimulus;4.6;391;1174;128
1762.3;Probe;10;128;391;-1
1763.5;Background;1.2;1175;-1;-1
1764.9;Background;1.4;1176;-1;-1
1766.4;Background;1.5;1177;-1;-1
1767.4;Background;1;1178;-1;392
1767.4;Stimulus;5.1;392;1178;-1
1769.3;Background;1.9;1179;-1;-1
1770.3;Background;1;1180;-1;-1
1772.2;Background;1.9;1181;-1;393
1772.2;Stimulus;4.8;393;1181;129
1772.2;Probe;9.9;129;393;-1
1773.7;Background;1.5;1182;-1;-1
1775.3;Background;1.6;1183;-1;-1
1776.6;Background;1.3;1184;-1;-1
1777.6;Background;1;1185;-1;394
1777.6;Stimulus;5.4;394;1185;-1
1779;Background;1.4;1186;-1;-1
1780.1;Background;1.1;1187;-1;-1
1782;Background;1.9;1188;-1;-1
1783;Background;1;1189;-1;395
1783;Stimulus;5.4;395;1189;130
1783;Probe;10.8;130;395;-1
1784.9;Background;1.9;1190;-1;-1
1786.6;Background;1.7;1191;-1;396
1786.6;Stimulus;3.6;396;1191;-1
1788;Background;1.4;1192;-1;-1
1789.3;Background;1.3;1193;-1;-1
1790.9;Background;1.6;1194;-1;-1
1792;Background;1.1;1195;-1;397
1792;Stimulus;5.4;397;1195;-1
1793.9;Background;1.9;1196;-1;-1
1795.9;Background;2;1197;-1;398
1795.9;Stimulus;3.9;398;1197;-1
1797.7;Background;1.8;1198;-1;-1
1799.1;Background;1.4;1199;-1;-1
1800.4;Background;1.3;1200;-1;399
1800.4;Stimulus;4.5;399;1200;131
1800.4;Probe;17.4;131;399;-1
1801.8;Background;1.4;1201;-1;-1
1803.3;Background;1.5;1202;-1;-1
1804.6;Background;1.3;1203;-1;400
1804.6;Stimulus;4.2;400;1203;-1
1806.4;Background;1.8;1204;-1;-1
1808.1;Background;1.7;1205;-1;401
1808.1;Stimulus;3.5;401;1205;-1
1809.4;Background;1.3;1206;-1;-1
1810.8;Background;1.4;1207;-1;-1
1812;Background;1.2;1208;-1;402
1812;Stimulus;3.9;402;1208;132
1812;Probe;11.6;132;402;-1
1813.9;Background;1.9;1209;-1;-1
1815;Background;1.1;1210;-1;-1
1816.8;Background;1.8;1211;-1;403
1816.8;Stimulus;4.8;403;1211;-1
1818.6;Background;1.8;1212;-1;-1
1820.1;Background;1.5;1213;-1;404
1820.1;Stimulus;3.3;404;1213;-1
1821.3;Background;1.2;1214;-1;-1
1823.1;Background;1.8;1215;-1;-1
1825;Background;1.9;1216;-1;-1
1826.1;Background;1.1;1217;-1;405
1826.1;Stimulus;6;405;1217;-1
1827.9;Background;1.8;1218;-1;-1
1829.1;Background;1.2;1219;-1;406
1829.1;Stimulus;3;406;1219;133
1829.1;Probe;17.1;133;406;-1
1830.8;Background;1.7;1220;-1;-1
1832.4;Background;1.6;1221;-1;407
1832.4;Stimulus;3.3;407;1221;-1
1834.1;Background;1.7;1222;-1;-1
1835.7;Background;1.6;1223;-1;-1
1837.5;Background;1.8;1224;-1;408
1837.5;Stimulus;5.1;408;1224;-1
1838.9;Background;1.4;1225;-1;-1
1840.5;Background;1.6;1226;-1;-1
1841.7;Background;1.2;1227;-1;409
1841.7;Stimulus;4.2;409;1227;134
1841.7;Probe;12.6;134;409;-1
1843.7;Background;2;1228;-1;-1
1845.6;Background;1.9;1229;-1;410
1845.6;Stimulus;3.9;410;1229;-1
1846.6;Background;1;1230;-1;-1
1848.1;Background;1.5;1231;-1;-1
1850.1;Background;2;1232;-1;-1
1851.3;Background;1.2;1233;-1;411
1851.3;Stimulus;5.7;411;1233;-1
1853.3;Background;2;1234;-1;-1
1854.5;Background;1.2;1235;-1;-1
1856.1;Background;1.6;1236;-1;412
1856.1;Stimulus;4.8;412;1236;135
1856.1;Probe;14.4;135;412;-1
1857.6;Background;1.5;1237;-1;-1
1859.2;Background;1.6;1238;-1;-1
1860.3;Background;1.1;1239;-1;413
1860.3;Stimulus;4.2;413;1239;-1
1862.2;Background;1.9;1240;-1;-1
1863.2;Background;1;1241;-1;-1
1865.1;Background;1.9;1242;-1;414
1865.1;Stimulus;4.8;414;1242;-1
1866.8;Background;1.7;1243;-1;-1
1868.6;Background;1.8;1244;-1;-1
1869.6;Background;1;1245;-1;415
1869.6;Stimulus;4.5;415;1245;-1
1871.6;Background;2;1246;-1;-1
1872.8;Background;1.2;1247;-1;-1
1874.2;Background;1.4;1248;-1;416
1874.2;Stimulus;4.6;416;1248;136
1874.2;Probe;18.1;136;416;-1
1875.6;Background;1.4;1249;-1;-1
1877.2;Background;1.6;1250;-1;-1
1878.5;Background;1.3;1251;-1;-1
1880.2;Background;1.7;1252;-1;417
1880.2;Stimulus;6;417;1252;-1
1882.1;Background;1.9;1253;-1;-1
1884.1;Background;2;1254;-1;418
1884.1;Stimulus;3.9;418;1254;137
1884.1;Probe;9.9;137;418;11
1884.1;Level;175;11;137;-1
1885.2;Background;1.1;1255;-1;-1
1886.9;Background;1.7;1256;-1;-1
1888.2;Background;1.3;1257;-1;-1
1889.2;Background;1;1258;-1;419
1889.2;Stimulus;5.1;419;1258;-1
1891.2;Background;2;1259;-1;-1
1892.8;Background;1.6;1260;-1;420
1892.8;Stimulus;3.6;420;1260;-1
1894.7;Background;1.9;1261;-1;-1
1895.8;Background;1.1;1262;-1;-1
1897.6;Background;1.8;1263;-1;421
1897.6;Stimulus;4.8;421;1263;138
1897.6;Probe;13.5;138;421;-1
1899.6;Background;2;1264;-1;-1
1900.9;Background;1.3;1265;-1;422
1900.9;Stimulus;3.3;422;1265;-1
1902.3;Background;1.4;1266;-1;-1
1903.8;Background;1.5;1267;-1;-1
1905.1;Background;1.3;1268;-1;423
1905.1;Stimulus;4.2;423;1268;-1
1907.1;Background;2;1269;-1;-1
1908.1;Background;1;1270;-1;424
1908.1;Stimulus;3;424;1270;-1
1910.1;Background;2;1271;-1;-1
1911.3;Background;1.2;1272;-1;-1
1912.9;Background;1.6;1273;-1;425
1912.9;Stimulus;4.8;425;1273;139
1912.9;Probe;15.3;139;425;-1
1914.1;Background;1.2;1274;-1;-1
1915.5;Background;1.4;1275;-1;-1
1917;Background;1.5;1276;-1;-1
1918;Background;1;1277;-1;426
1918;Stimulus;5.1;426;1277;-1
1919.5;Background;1.5;1278;-1;-1
1920.8;Background;1.3;1279;-1;-1
1922.5;Background;1.7;1280;-1;-1
1923.7;Background;1.2;1281;-1;427
1923.7;Stimulus;5.7;427;1281;140
1923.7;Probe;10.8;140;427;-1
1925.7;Background;2;1282;-1;-1
1926.7;Background;1;1283;-1;-1
1928.2;Background;1.5;1284;-1;-1
1929.7;Background;1.5;1285;-1;428
1929.7;Stimulus;6;428;1285;-1
1931.6;Background;1.9;1286;-1;-1
1932.7;Background;1.1;1287;-1;429
1932.7;Stimulus;3;429;1287;-1
1934.5;Background;1.8;1288;-1;-1
1936;Background;1.5;1289;-1;430
1936;Stimulus;3.3;430;1289;-1
1937.3;Background;1.3;1290;-1;-1
1938.7;Background;1.4;1291;-1;-1
1939.9;Background;1.2;1292;-1;431
1939.9;Stimulus;3.9;431;1292;141
1939.9;Probe;16.2;141;431;-1
1941.6;Background;1.7;1293;-1;-1
1942.7;Background;1.1;1294;-1;-1
1944.5;Background;1.8;1295;-1;-1
1945.6;Background;1.1;1296;-1;432
1945.6;Stimulus;5.7;432;1296;-1
1947.3;Background;1.7;1297;-1;-1
1948.9;Background;1.6;1298;-1;433
1948.9;Stimulus;3.3;433;1298;142
1948.9;Probe;9;142;433;-1
1950.4;Background;1.5;1299;-1;-1
1952;Background;1.6;1300;-1;-1
1953.3;Background;1.3;1301;-1;-1
1954.3;Background;1;1302;-1;434
1954.3;Stimulus;5.4;434;1302;-1
1956.2;Background;1.9;1303;-1;-1
1957.9;Background;1.7;1304;-1;435
1957.9;Stimulus;3.6;435;1304;143
1957.9;Probe;9;143;435;-1
1959.9;Background;2;1305;-1;-1
1961.8;Background;1.9;1306;-1;436
1961.8;Stimulus;3.9;436;1306;-1
1963.5;Background;1.7;1307;-1;-1
1965.1;Background;1.6;1308;-1;-1
1966.9;Background;1.8;1309;-1;437
1966.9;Stimulus;5.1;437;1309;-1
1968.8;Background;1.9;1310;-1;-1
1970.8;Background;2;1311;-1;438
1970.8;Stimulus;3.9;438;1311;-1
1972.2;Background;1.4;1312;-1;-1
1973.8;Background;1.6;1313;-1;-1
1975;Background;1.2;1314;-1;439
1975;Stimulus;4.2;439;1314;144
1975;Probe;17.1;144;439;-1
1976;Background;1;1315;-1;-1
1977.5;Background;1.5;1316;-1;-1
1979.5;Background;2;1317;-1;-1
1980.7;Background;1.2;1318;-1;440
1980.7;Stimulus;5.7;440;1318;-1
1981.9;Background;1.2;1319;-1;-1
1983.7;Background;1.8;1320;-1;-1
1985.6;Background;1.9;1321;-1;-1
1986.7;Background;1.1;1322;-1;441
1986.7;Stimulus;6;441;1322;145
1986.7;Probe;11.7;145;441;-1
1988.1;Background;1.4;1323;-1;-1
1989.2;Background;1.1;1324;-1;-1
1991.1;Background;1.9;1325;-1;-1
1992.1;Background;1;1326;-1;442
1992.1;Stimulus;5.4;442;1326;-1
1993.9;Background;1.8;1327;-1;-1
1995.6;Background;1.7;1328;-1;443
1995.6;Stimulus;3.5;443;1328;-1
1997.1;Background;1.5;1329;-1;-1
1998.4;Background;1.3;1330;-1;-1
2000.1;Background;1.7;1331;-1;-1
2001.3;Background;1.2;1332;-1;444
2001.3;Stimulus;5.7;444;1332;-1
2003.3;Background;2;1333;-1;-1
2004.6;Background;1.3;1334;-1;445
2004.6;Stimulus;3.3;445;1334;146
2004.6;Probe;17.9;146;445;-1
2005.7;Background;1.1;1335;-1;-1
2007.4;Background;1.7;1336;-1;-1
2008.7;Background;1.3;1337;-1;-1
2009.7;Background;1;1338;-1;446
2009.7;Stimulus;5.1;446;1338;-1
2011;Background;1.3;1339;-1;-1
2012.4;Background;1.4;1340;-1;-1
2013.6;Background;1.2;1341;-1;447
2013.6;Stimulus;3.9;447;1341;-1
2015;Background;1.4;1342;-1;-1
2016.6;Background;1.6;1343;-1;-1
2017.9;Background;1.3;1344;-1;-1
2019.6;Background;1.7;1345;-1;448
2019.6;Stimulus;6;448;1345;-1
2021.4;Background;1.8;1346;-1;-1
2022.6;Background;1.2;1347;-1;449
2022.6;Stimulus;3;449;1347;147
2022.6;Probe;18;147;449;-1
2024.6;Background;2;1348;-1;-1
2026.2;Background;1.6;1349;-1;450
2026.2;Stimulus;3.6;450;1349;-1
2027.6;Background;1.4;1350;-1;-1
2028.9;Background;1.3;1351;-1;-1
2030.5;Background;1.6;1352;-1;-1
2031.6;Background;1.1;1353;-1;451
2031.6;Stimulus;5.4;451;1353;-1
2033.6;Background;2;1354;-1;-1
2035.5;Background;1.9;1355;-1;452
2035.5;Stimulus;3.9;452;1355;-1
2037.3;Background;1.8;1356;-1;-1
2038.7;Background;1.4;1357;-1;-1
2040;Background;1.3;1358;-1;453
2040;Stimulus;4.5;453;1358;148
2040;Probe;17.4;148;453;-1
2042;Background;2;1359;-1;-1
2043;Background;1;1360;-1;-1
2044.5;Background;1.5;1361;-1;-1
2046;Background;1.5;1362;-1;454
2046;Stimulus;6;454;1362;-1
2047.7;Background;1.7;1363;-1;-1
2048.8;Background;1.1;1364;-1;-1
2050.6;Background;1.8;1365;-1;-1
2051.7;Background;1.1;1366;-1;455
2051.7;Stimulus;5.7;455;1366;149
2051.7;Probe;11.7;149;455;12
2051.7;Level;167.6;12;149;-1
2053.4;Background;1.7;1367;-1;-1
2055.2;Background;1.8;1368;-1;-1
2056.2;Background;1;1369;-1;456
2056.2;Stimulus;4.5;456;1369;-1
2058.1;Background;1.9;1370;-1;-1
2060.1;Background;2;1371;-1;457
2060.1;Stimulus;3.9;457;1371;-1
2062.1;Background;2;1372;-1;-1
2063.3;Background;1.2;1373;-1;-1
2064.7;Background;1.4;1374;-1;458
2064.7;Stimulus;4.6;458;1374;-1
2066.5;Background;1.8;1375;-1;-1
2068;Background;1.5;1376;-1;459
2068;Stimulus;3.3;459;1376;150
2068;Probe;16.3;150;459;-1
2070;Background;2;1377;-1;-1
2071;Background;1;1378;-1;460
2071;Stimulus;3;460;1378;-1
2072.5;Background;1.5;1379;-1;-1
2074.1;Background;1.6;1380;-1;-1
2075.4;Background;1.3;1381;-1;-1
2076.4;Background;1;1382;-1;461
2076.4;Stimulus;5.4;461;1382;-1
2077.9;Background;1.5;1383;-1;-1
2079.5;Background;1.6;1384;-1;-1
2080.6;Background;1.1;1385;-1;462
2080.6;Stimulus;4.2;462;1385;151
2080.6;Probe;12.6;151;462;-1
2082.5;Background;1.9;1386;-1;-1
2084.2;Background;1.7;1387;-1;463
2084.2;Stimulus;3.6;463;1387;-1
2085.6;Background;1.4;1388;-1;-1
2087.1;Background;1.5;1389;-1;-1
2088.4;Background;1.3;1390;-1;464
2088.4;Stimulus;4.2;464;1390;-1
2090.3;Background;1.9;1391;-1;-1
2091.3;Background;1;1392;-1;-1
2093.2;Background;1.9;1393;-1;465
2093.2;Stimulus;4.8;465;1393;-1
2095;Background;1.8;1394;-1;-1
2096.7;Background;1.7;1395;-1;466
2096.7;Stimulus;3.5;466;1395;152
2096.7;Probe;16.1;152;466;-1
2097.9;Background;1.2;1396;-1;-1
2099.7;Background;1.8;1397;-1;-1
2101.6;Background;1.9;1398;-1;-1
2102.7;Background;1.1;1399;-1;467
2102.7;Stimulus;6;467;1399;-1
2104.6;Background;1.9;1400;-1;-1
2105.7;Background;1.1;1401;-1;468
2105.7;Stimulus;3;468;1401;153
2105.7;Probe;9;153;468;-1
2106.7;Background;1;1402;-1;-1
2108.2;Background;1.5;1403;-1;-1
2110.2;Background;2;1404;-1;-1
2111.4;Background;1.2;1405;-1;469
2111.4;Stimulus;5.7;469;1405;-1
2113.1;Background;1.7;1406;-1;-1
2114.7;Background;1.6;1407;-1;470
2114.7;Stimulus;3.3;470;1407;154
2114.7;Probe;9;154;470;-1
2116.1;Background;1.4;1408;-1;-1
2117.7;Background;1.6;1409;-1;-1
2118.9;Background;1.2;1410;-1;471
2118.9;Stimulus;4.2;471;1410;-1
2120.9;Background;2;1411;-1;-1
2122.5;Background;1.6;1412;-1;472
2122.5;Stimulus;3.6;472;1412;-1
2123.8;Background;1.3;1413;-1;-1
2125.2;Background;1.4;1414;-1;-1
2126.4;Background;1.2;1415;-1;473
2126.4;Stimulus;3.9;473;1415;155
2126.4;Probe;11.7;155;473;-1
2127.9;Background;1.5;1416;-1;-1
2129.5;Background;1.6;1417;-1;-1
2130.6;Background;1.1;1418;-1;474
2130.6;Stimulus;4.2;474;1418;-1
2132.5;Background;1.9;1419;-1;-1
2133.6;Background;1.1;1420;-1;-1
2135.4;Background;1.8;1421;-1;475
2135.4;Stimulus;4.8;475;1421;-1
2137.2;Background;1.8;1422;-1;-1
2138.6;Background;1.4;1423;-1;-1
2139.9;Background;1.3;1424;-1;476
2139.9;Stimulus;4.5;476;1424;-1
2141.6;Background;1.7;1425;-1;-1
2143.4;Background;1.8;1426;-1;-1
2144.4;Background;1;1427;-1;477
2144.4;Stimulus;4.5;477;1427;156
2144.4;Probe;18;156;477;-1
2145.6;Background;1.2;1428;-1;-1
2147;Background;1.4;1429;-1;-1
2148.5;Background;1.5;1430;-1;-1
2149.5;Background;1;1431;-1;478
2149.5;Stimulus;5.1;478;1431;-1
2150.9;Background;1.4;1432;-1;-1
2152;Background;1.1;1433;-1;-1
2153.9;Background;1.9;1434;-1;-1
2154.9;Background;1;1435;-1;479
2154.9;Stimulus;5.4;479;1435;157
2154.9;Probe;10.5;157;479;-1
2156.7;Background;1.8;1436;-1;-1
2157.9;Background;1.2;1437;-1;480
2157.9;Stimulus;3;480;1437;-1
2159.8;Background;1.9;1438;-1;-1
2161.5;Background;1.7;1439;-1;481
2161.5;Stimulus;3.6;481;1439;-1
2162.9;Background;1.4;1440;-1;-1
2164.5;Background;1.6;1441;-1;-1
2165.8;Background;1.3;1442;-1;-1
2167.5;Background;1.7;1443;-1;482
2167.5;Stimulus;6;482;1443;158
2167.5;Probe;12.6;158;482;-1
2168.9;Background;1.4;1444;-1;-1
2170.2;Background;1.3;1445;-1;-1
2171.8;Background;1.6;1446;-1;-1
2172.9;Background;1.1;1447;-1;483
2172.9;Stimulus;5.4;483;1447;-1
2174.7;Background;1.8;1448;-1;-1
2176.4;Background;1.7;1449;-1;484
2176.4;Stimulus;3.5;484;1449;-1
2177.9;Background;1.5;1450;-1;-1
2179.2;Background;1.3;1451;-1;-1
2180.9;Background;1.7;1452;-1;-1
2182.1;Background;1.2;1453;-1;485
2182.1;Stimulus;5.7;485;1453;-1
2184.1;Background;2;1454;-1;-1
2185.4;Background;1.3;1455;-1;486
2185.4;Stimulus;3.3;486;1455;159
2185.4;Probe;17.9;159;486;-1
2187.1;Background;1.7;1456;-1;-1
2188.2;Background;1.1;1457;-1;-1
2190;Background;1.8;1458;-1;-1
2191.1;Background;1.1;1459;-1;487
2191.1;Stimulus;5.7;487;1459;-1
2192.6;Background;1.5;1460;-1;-1
2194.2;Background;1.6;1461;-1;-1
2195.5;Background;1.3;1462;-1;-1
2196.5;Background;1;1463;-1;488
2196.5;Stimulus;5.4;488;1463;-1
2198.3;Background;1.8;1464;-1;-1
2199.8;Background;1.5;1465;-1;489
2199.8;Stimulus;3.3;489;1465;160
2199.8;Probe;14.4;160;489;-1
2201.8;Background;2;1466;-1;-1
2202.8;Background;1;1467;-1;-1
2204.3;Background;1.5;1468;-1;-1
2205.8;Background;1.5;1469;-1;490
2205.8;Stimulus;6;490;1469;-1
2207.8;Background;2;1470;-1;-1
2208.8;Background;1;1471;-1;491
2208.8;Stimulus;3;491;1471;-1
2210.5;Background;1.7;1472;-1;-1
2212.1;Background;1.6;1473;-1;492
2212.1;Stimulus;3.3;492;1473;-1
2214.1;Background;2;1474;-1;-1
2216;Background;1.9;1475;-1;493
2216;Stimulus;3.9;493;1475;161
2216;Probe;16.2;161;493;13
2216;Level;164.3;13;161;-1
2217.4;Background;1.4;1476;-1;-1
2218.5;Background;1.1;1477;-1;-1
2220.4;Background;1.9;1478;-1;-1
2221.4;Background;1;1479;-1;494
2221.4;Stimulus;5.4;494;1479;-1
2223.4;Background;2;1480;-1;-1
2224.6;Background;1.2;1481;-1;-1
2226;Background;1.4;1482;-1;495
2226;Stimulus;4.6;495;1482;162
2226;Probe;10;162;495;-1
2227.4;Background;1.4;1483;-1;-1
2228.9;Background;1.5;1484;-1;-1
2230.2;Background;1.3;1485;-1;496
2230.2;Stimulus;4.2;496;1485;-1
2232.1;Background;1.9;1486;-1;-1
2233.2;Background;1.1;1487;-1;497
2233.2;Stimulus;3;497;1487;-1
2235;Background;1.8;1488;-1;-1
2236.2;Background;1.2;1489;-1;498
2236.2;Stimulus;3;498;1489;-1
2237.9;Background;1.7;1490;-1;-1
2239.5;Background;1.6;1491;-1;-1
2241.3;Background;1.8;1492;-1;499
2241.3;Stimulus;5.1;499;1492;163
2241.3;Probe;15.3;163;499;-1
2243.3;Background;2;1493;-1;-1
2244.6;Background;1.3;1494;-1;500
2244.6;Stimulus;3.3;500;1494;-1
2245.7;Background;1.1;1495;-1;-1
2247.4;Background;1.7;1496;-1;-1
2248.7;Background;1.3;1497;-1;-1
2249.7;Background;1;1498;-1;501
2249.7;Stimulus;5.1;501;1498;-1
2251.1;Background;1.4;1499;-1;-1
2252.7;Background;1.6;1500;-1;-1
2253.9;Background;1.2;1501;-1;502
2253.9;Stimulus;4.2;502;1501;164
2253.9;Probe;12.6;164;502;-1
2255.3;Background;1.4;1502;-1;-1
2256.6;Background;1.3;1503;-1;-1
2258.2;Background;1.6;1504;-1;-1
2259.3;Background;1.1;1505;-1;503
2259.3;Stimulus;5.4;503;1505;-1
2260.8;Background;1.5;1506;-1;-1
2262.4;Background;1.6;1507;-1;-1
2263.7;Background;1.3;1508;-1;-1
2264.7;Background;1;1509;-1;504
2264.7;Stimulus;5.4;504;1509;165
2264.7;Probe;10.8;165;504;-1
2266.7;Background;2;1510;-1;-1
2267.7;Background;1;1511;-1;505
2267.7;Stimulus;3;505;1511;-1
2269.1;Background;1.4;1512;-1;-1
2270.2;Background;1.1;1513;-1;-1
2272.1;Background;1.9;1514;-1;-1
2273.1;Background;1;1515;-1;506
2273.1;Stimulus;5.4;506;1515;-1
2274.6;Background;1.5;1516;-1;-1
2276.2;Background;1.6;1517;-1;-1
2277.3;Background;1.1;1518;-1;507
2277.3;Stimulus;4.2;507;1518;166
2277.3;Probe;12.6;166;507;-1
2278.5;Background;1.2;1519;-1;-1
2279.9;Background;1.4;1520;-1;-1
2281.4;Background;1.5;1521;-1;-1
2282.4;Background;1;1522;-1;508
2282.4;Stimulus;5.1;508;1522;-1
2283.4;Background;1;1523;-1;-1
2284.9;Background;1.5;1524;-1;-1
2286.9;Background;2;1525;-1;-1
2288.1;Background;1.2;1526;-1;509
2288.1;Stimulus;5.7;509;1526;167
2288.1;Probe;10.8;167;509;-1
2289.9;Background;1.8;1527;-1;-1
2291.3;Background;1.4;1528;-1;-1
2292.6;Background;1.3;1529;-1;510
2292.6;Stimulus;4.5;510;1529;-1
2294.5;Background;1.9;1530;-1;-1
2296.5;Background;2;1531;-1;511
2296.5;Stimulus;3.9;511;1531;-1
2298.2;Background;1.7;1532;-1;-1
2300;Background;1.8;1533;-1;-1
2301;Background;1;1534;-1;512
2301;Stimulus;4.5;512;1534;-1
2302.8;Background;1.8;1535;-1;-1
2304.3;Background;1.5;1536;-1;513
2304.3;Stimulus;3.3;513;1536;168
2304.3;Probe;16.2;168;513;-1
2306;Background;1.7;1537;-1;-1
2307.6;Background;1.6;1538;-1;-1
2309.4;Background;1.8;1539;-1;514
2309.4;Stimulus;5.1;514;1539;-1
2311.4;Background;2;1540;-1;-1
2312.6;Background;1.2;1541;-1;-1
2314.2;Background;1.6;1542;-1;515
2314.2;Stimulus;4.8;515;1542;169
2314.2;Probe;9.9;169;515;-1
2315.3;Background;1.1;1543;-1;-1
2317;Background;1.7;1544;-1;-1
2318.3;Background;1.3;1545;-1;-1
2319.3;Background;1;1546;-1;516
2319.3;Stimulus;5.1;516;1546;-1
2320.7;Background;1.4;1547;-1;-1
2322;Background;1.3;1548;-1;-1
2323.6;Background;1.6;1549;-1;-1
2324.7;Background;1.1;1550;-1;517
2324.7;Stimulus;5.4;517;1550;170
2324.7;Probe;10.5;170;517;-1
2326.2;Background;1.5;1551;-1;-1
2327.5;Background;1.3;1552;-1;-1
2329.2;Background;1.7;1553;-1;-1
2330.4;Background;1.2;1554;-1;518
2330.4;Stimulus;5.7;518;1554;-1
2331.6;Background;1.2;1555;-1;-1
2333.4;Background;1.8;1556;-1;-1
2335.3;Background;1.9;1557;-1;-1
2336.4;Background;1.1;1558;-1;519
2336.4;Stimulus;6;519;1558;171
2336.4;Probe;11.7;171;519;-1
2337.8;Background;1.4;1559;-1;-1
2339.4;Background;1.6;1560;-1;-1
2340.7;Background;1.3;1561;-1;-1
2342.4;Background;1.7;1562;-1;520
2342.4;Stimulus;6;520;1562;-1
2344.1;Background;1.7;1563;-1;-1
2345.2;Background;1.1;1564;-1;-1
2347;Background;1.8;1565;-1;-1
2348.1;Background;1.1;1566;-1;521
2348.1;Stimulus;5.7;521;1566;172
2348.1;Probe;11.7;172;521;-1
2350.1;Background;2;1567;-1;-1
2351.1;Background;1;1568;-1;-1
2352.6;Background;1.5;1569;-1;-1
2354.1;Background;1.5;1570;-1;522
2354.1;Stimulus;6;522;1570;-1
2355.4;Background;1.3;1571;-1;-1
2356.8;Background;1.4;1572;-1;-1
2358;Background;1.2;1573;-1;523
2358;Stimulus;3.9;523;1573;173
2358;Probe;9.9;173;523;-1
2360;Background;2;1574;-1;-1
2361.6;Background;1.6;1575;-1;524
2361.6;Stimulus;3.6;524;1575;-1
2363;Background;1.4;1576;-1;-1
2364.5;Background;1.5;1577;-1;-1
2365.8;Background;1.3;1578;-1;525
2365.8;Stimulus;4.2;525;1578;-1
2367.7;Background;1.9;1579;-1;-1
2368.7;Background;1;1580;-1;-1
2370.6;Background;1.9;1581;-1;526
2370.6;Stimulus;4.8;526;1581;-1
2372.5;Background;1.9;1582;-1;-1
2374.2;Background;1.7;1583;-1;527
2374.2;Stimulus;3.6;527;1583;174
2374.2;Probe;16.2;174;527;14
2374.2;Level;158.2;14;174;-1
2375.4;Background;1.2;1584;-1;-1
2377.2;Background;1.8;1585;-1;-1
2379.1;Background;1.9;1586;-1;-1
2380.2;Background;1.1;1587;-1;528
2380.2;Stimulus;6;528;1587;-1
2382.1;Background;1.9;1588;-1;-1
2383.2;Background;1.1;1589;-1;529
2383.2;Stimulus;3;529;1589;-1
2384.9;Background;1.7;1590;-1;-1
2386.5;Background;1.6;1591;-1;530
2386.5;Stimulus;3.3;530;1591;-1
2388.5;Background;2;1592;-1;-1
2390.4;Background;1.9;1593;-1;531
2390.4;Stimulus;3.9;531;1593;175
2390.4;Probe;16.2;175;531;-1
2391.6;Background;1.2;1594;-1;-1
2393;Background;1.4;1595;-1;-1
2394.5;Background;1.5;1596;-1;-1
2395.5;Background;1;1597;-1;532
2395.5;Stimulus;5.1;532;1597;-1
2396.5;Background;1;1598;-1;-1
2398;Background;1.5;1599;-1;-1
2400;Background;2;1600;-1;-1
2401.2;Background;1.2;1601;-1;533
2401.2;Stimulus;5.7;533;1601;-1
2403.2;Background;2;1602;-1;-1
2404.4;Background;1.2;1603;-1;-1
2405.8;Background;1.4;1604;-1;534
2405.8;Stimulus;4.6;534;1604;176
2405.8;Probe;15.4;176;534;-1
2407.3;Background;1.5;1605;-1;-1
2408.6;Background;1.3;1606;-1;-1
2410.3;Background;1.7;1607;-1;-1
2411.5;Background;1.2;1608;-1;535
2411.5;Stimulus;5.7;535;1608;-1
2413.5;Background;2;1609;-1;-1
2414.8;Background;1.3;1610;-1;536
2414.8;Stimulus;3.3;536;1610;-1
2416.6;Background;1.8;1611;-1;-1
2418;Background;1.4;1612;-1;-1
2419.3;Background;1.3;1613;-1;537
2419.3;Stimulus;4.5;537;1613;177
2419.3;Probe;13.5;177;537;-1
2421.1;Background;1.8;1614;-1;-1
2422.8;Background;1.7;1615;-1;538
2422.8;Stimulus;3.5;538;1615;-1
2424.2;Background;1.4;1616;-1;-1
2425.8;Background;1.6;1617;-1;-1
2427.1;Background;1.3;1618;-1;-1
2428.8;Background;1.7;1619;-1;539
2428.8;Stimulus;6;539;1619;-1
2430.7;Background;1.9;1620;-1;-1
2431.8;Background;1.1;1621;-1;-1
2433.6;Background;1.8;1622;-1;540
2433.6;Stimulus;4.8;540;1622;178
2433.6;Probe;14.3;178;540;-1
2435.1;Background;1.5;1623;-1;-1
2436.7;Background;1.6;1624;-1;-1
2438;Background;1.3;1625;-1;-1
2439;Background;1;1626;-1;541
2439;Stimulus;5.4;541;1626;-1
2440.4;Background;1.4;1627;-1;-1
2441.5;Background;1.1;1628;-1;-1
2443.4;Background;1.9;1629;-1;-1
2444.4;Background;1;1630;-1;542
2444.4;Stimulus;5.4;542;1630;179
2444.4;Probe;10.8;179;542;-1
2446.4;Background;2;1631;-1;-1
2447.6;Background;1.2;1632;-1;-1
2449.2;Background;1.6;1633;-1;543
2449.2;Stimulus;4.8;543;1633;-1
2450.6;Background;1.4;1634;-1;-1
2452.2;Background;1.6;1635;-1;-1
2453.4;Background;1.2;1636;-1;544
2453.4;Stimulus;4.2;544;1636;-1
2455.1;Background;1.7;1637;-1;-1
2456.9;Background;1.8;1638;-1;-1
2457.9;Background;1;1639;-1;545
2457.9;Stimulus;4.5;545;1639;180
2457.9;Probe;13.5;180;545;-1
2459.3;Background;1.4;1640;-1;-1
2460.6;Background;1.3;1641;-1;-1
2462.2;Background;1.6;1642;-1;-1
2463.3;Background;1.1;1643;-1;546
2463.3;Stimulus;5.4;546;1643;-1
2465.3;Background;2;1644;-1;-1
2466.5;Background;1.2;1645;-1;-1
2467.9;Background;1.4;1646;-1;547
2467.9;Stimulus;4.6;547;1646;181
2467.9;Probe;10;181;547;-1
2469.7;Background;1.8;1647;-1;-1
2471.1;Background;1.4;1648;-1;-1
2472.4;Background;1.3;1649;-1;548
2472.4;Stimulus;4.5;548;1649;-1
2474.3;Background;1.9;1650;-1;-1
2476.3;Background;2;1651;-1;549
2476.3;Stimulus;3.9;549;1651;-1
2478;Background;1.7;1652;-1;-1
2479.8;Background;1.8;1653;-1;-1
2480.8;Background;1;1654;-1;550
2480.8;Stimulus;4.5;550;1654;-1
2482.6;Background;1.8;1655;-1;-1
2484.1;Background;1.5;1656;-1;551
2484.1;Stimulus;3.3;551;1656;182
2484.1;Probe;16.2;182;551;-1
2485.6;Background;1.5;1657;-1;-1
2487.2;Background;1.6;1658;-1;-1
2488.5;Background;1.3;1659;-1;-1
2489.5;Background;1;1660;-1;552
2489.5;Stimulus;5.4;552;1660;-1
2491.5;Background;2;1661;-1;-1
2493.1;Background;1.6;1662;-1;553
2493.1;Stimulus;3.6;553;1662;183
2493.1;Probe;9;183;553;-1
2494.8;Background;1.7;1663;-1;-1
2496.4;Background;1.6;1664;-1;-1
2498.2;Background;1.8;1665;-1;554
2498.2;Stimulus;5.1;554;1665;-1
2500.1;Background;1.9;1666;-1;-1
2501.8;Background;1.7;1667;-1;555
2501.8;Stimulus;3.6;555;1667;-1
2503.7;Background;1.9;1668;-1;-1
2504.7;Background;1;1669;-1;-1
2506.6;Background;1.9;1670;-1;556
2506.6;Stimulus;4.8;556;1670;184
2506.6;Probe;13.5;184;556;-1
2508.4;Background;1.8;1671;-1;-1
2509.6;Background;1.2;1672;-1;557
2509.6;Stimulus;3;557;1672;-1
2511.4;Background;1.8;1673;-1;-1
2513.1;Background;1.7;1674;-1;558
2513.1;Stimulus;3.5;558;1674;-1
2515.1;Background;2;1675;-1;-1
2516.1;Background;1;1676;-1;-1
2517.6;Background;1.5;1677;-1;-1
2519.1;Background;1.5;1678;-1;559
2519.1;Stimulus;6;559;1678;185
2519.1;Probe;12.5;185;559;-1
2520.2;Background;1.1;1679;-1;-1
2521.9;Background;1.7;1680;-1;-1
2523.2;Background;1.3;1681;-1;-1
2524.2;Background;1;1682;-1;560
2524.2;Stimulus;5.1;560;1682;-1
2525.9;Background;1.7;1683;-1;-1
2527;Background;1.1;1684;-1;-1
2528.8;Background;1.8;1685;-1;-1
2529.9;Background;1.1;1686;-1;561
2529.9;Stimulus;5.7;561;1686;186
2529.9;Probe;10.8;186;561;15
2529.9;Level;155.7;15;186;-1
2531.4;Background;1.5;1687;-1;-1
2533;Background;1.6;1688;-1;-1
2534.1;Background;1.1;1689;-1;562
2534.1;Stimulus;4.2;562;1689;-1
2536.1;Background;2;1690;-1;-1
2537.7;Background;1.6;1691;-1;563
2537.7;Stimulus;3.6;563;1691;-1
2539;Background;1.3;1692;-1;-1
2540.4;Background;1.4;1693;-1;-1
2541.6;Background;1.2;1694;-1;564
2541.6;Stimulus;3.9;564;1694;187
2541.6;Probe;11.7;187;564;-1
2543.3;Background;1.7;1695;-1;-1
2544.9;Background;1.6;1696;-1;565
2544.9;Stimulus;3.3;565;1696;-1
2546.1;Background;1.2;1697;-1;-1
2547.5;Background;1.4;1698;-1;-1
2549;Background;1.5;1699;-1;-1
2550;Background;1;1700;-1;566
2550;Stimulus;5.1;566;1700;-1
2551.4;Background;1.4;1701;-1;-1
2552.9;Background;1.5;1702;-1;-1
2554.2;Background;1.3;1703;-1;567
2554.2;Stimulus;4.2;567;1703;188
2554.2;Probe;12.6;188;567;-1
2556.2;Background;2;1704;-1;-1
2558.1;Background;1.9;1705;-1;568
2558.1;Stimulus;3.9;568;1705;-1
2559.1;Background;1;1706;-1;-1
2560.6;Background;1.5;1707;-1;-1
2562.6;Background;2;1708;-1;-1
2563.8;Background;1.2;1709;-1;569
2563.8;Stimulus;5.7;569;1709;-1
2565.7;Background;1.9;1710;-1;-1
2566.8;Background;1.1;1711;-1;-1
2568.6;Background;1.8;1712;-1;570
2568.6;Stimulus;4.8;570;1712;189
2568.6;Probe;14.4;189;570;-1
2570.1;Background;1.5;1713;-1;-1
2571.4;Background;1.3;1714;-1;-1
2573.1;Background;1.7;1715;-1;-1
2574.3;Background;1.2;1716;-1;571
2574.3;Stimulus;5.7;571;1716;-1
2575.7;Background;1.4;1717;-1;-1
2576.8;Background;1.1;1718;-1;-1
2578.7;Background;1.9;1719;-1;-1
2579.7;Background;1;1720;-1;572
2579.7;Stimulus;5.4;572;1720;-1
2581.7;Background;2;1721;-1;-1
2583;Background;1.3;1722;-1;573
2583;Stimulus;3.3;573;1722;190
2583;Probe;14.4;190;573;-1
2584.7;Background;1.7;1723;-1;-1
2586.3;Background;1.6;1724;-1;-1
2588.1;Background;1.8;1725;-1;574
2588.1;Stimulus;5.1;574;1725;-1
2590;Background;1.9;1726;-1;-1
2592;Background;2;1727;-1;575
2592;Stimulus;3.9;575;1727;-1
2593.2;Background;1.2;1728;-1;-1
2595;Background;1.8;1729;-1;-1
2596.9;Background;1.9;1730;-1;-1
2598;Background;1.1;1731;-1;576
2598;Stimulus;6;576;1731;-1
2600;Background;2;1732;-1;-1
2601;Background;1;1733;-1;577
2601;Stimulus;3;577;1733;191
2601;Probe;18;191;577;-1
2602.9;Background;1.9;1734;-1;-1
2604;Background;1.1;1735;-1;578
2604;Stimulus;3;578;1735;-1
2605.4;Background;1.4;1736;-1;-1
2606.7;Background;1.3;1737;-1;-1
2608.3;Background;1.6;1738;-1;-1
2609.4;Background;1.1;1739;-1;579
2609.4;Stimulus;5.4;579;1739;-1
2610.8;Background;1.4;1740;-1;-1
2612.4;Background;1.6;1741;-1;-1
2613.6;Background;1.2;1742;-1;580
2613.6;Stimulus;4.2;580;1742;192
2613.6;Probe;12.6;192;580;-1
2615.5;Background;1.9;1743;-1;-1
2617.2;Background;1.7;1744;-1;581
2617.2;Stimulus;3.6;581;1744;-1
2618.6;Background;1.4;1745;-1;-1
2620.2;Background;1.6;1746;-1;-1
2621.5;Background;1.3;1747;-1;-1
2623.2;Background;1.7;1748;-1;582
2623.2;Stimulus;6;582;1748;-1
2625.2;Background;2;1749;-1;-1
2626.4;Background;1.2;1750;-1;-1
2628;Background;1.6;1751;-1;583
2628;Stimulus;4.8;583;1751;193
2628;Probe;14.4;193;583;-1
2629.7;Background;1.7;1752;-1;-1
2630.8;Background;1.1;1753;-1;-1
2632.6;Background;1.8;1754;-1;-1
2633.7;Background;1.1;1755;-1;584
2633.7;Stimulus;5.7;584;1755;-1
2635.7;Background;2;1756;-1;-1
2636.7;Background;1;1757;-1;-1
2638.2;Background;1.5;1758;-1;-1
2639.7;Background;1.5;1759;-1;585
2639.7;Stimulus;6;585;1759;194
2639.7;Probe;11.7;194;585;-1
2641.6;Background;1.9;1760;-1;-1
2642.6;Background;1;1761;-1;-1
2644.5;Background;1.9;1762;-1;586
2644.5;Stimulus;4.8;586;1762;-1
2646.3;Background;1.8;1763;-1;-1
2647.8;Background;1.5;1764;-1;587
2647.8;Stimulus;3.3;587;1764;-1
2649;Background;1.2;1765;-1;-1
2650.8;Background;1.8;1766;-1;-1
2652.7;Background;1.9;1767;-1;-1
2653.8;Background;1.1;1768;-1;588
2653.8;Stimulus;6;588;1768;-1
2655.6;Background;1.8;1769;-1;-1
2656.8;Background;1.2;1770;-1;589
2656.8;Stimulus;3;589;1770;195
2656.8;Probe;17.1;195;589;-1
2658.6;Background;1.8;1771;-1;-1
2660.3;Background;1.7;1772;-1;590
2660.3;Stimulus;3.5;590;1772;-1
2661.8;Background;1.5;1773;-1;-1
2663.4;Background;1.6;1774;-1;-1
2664.5;Background;1.1;1775;-1;591
2664.5;Stimulus;4.2;591;1775;-1
2666.4;Background;1.9;1776;-1;-1
2667.5;Background;1.1;1777;-1;-1
2669.3;Background;1.8;1778;-1;592
2669.3;Stimulus;4.8;592;1778;-1
2671.3;Background;2;1779;-1;-1
2672.9;Background;1.6;1780;-1;593
2672.9;Stimulus;3.6;593;1780;196
2672.9;Probe;16.1;196;593;-1
2674.3;Background;1.4;1781;-1;-1
2675.9;Background;1.6;1782;-1;-1
2677.2;Background;1.3;1783;-1;-1
2678.9;Background;1.7;1784;-1;594
2678.9;Stimulus;6;594;1784;-1
2680.9;Background;2;1785;-1;-1
2681.9;Background;1;1786;-1;595
2681.9;Stimulus;3;595;1786;197
2681.9;Probe;9;197;595;-1
2682.9;Background;1;1787;-1;-1
2684.4;Background;1.5;1788;-1;-1
2686.4;Background;2;1789;-1;-1
2687.6;Background;1.2;1790;-1;596
2687.6;Stimulus;5.7;596;1790;-1
2689.3;Background;1.7;1791;-1;-1
2690.9;Background;1.6;1792;-1;597
2690.9;Stimulus;3.3;597;1792;198
2690.9;Probe;9;198;597;-1
2692.4;Background;1.5;1793;-1;-1
2693.7;Background;1.3;1794;-1;-1
2695.4;Background;1.7;1795;-1;-1
2696.6;Background;1.2;1796;-1;598
2696.6;Stimulus;5.7;598;1796;-1
2698.6;Background;2;1797;-1;-1
2699.9;Background;1.3;1798;-1;599
2699.9;Stimulus;3.3;599;1798;-1
2701.9;Background;2;1799;-1;-1
2703.1;Background;1.2;1800;-1;-1
2704.5;Background;1.4;1801;-1;600
2704.5;Stimulus;4.6;600;1801;199
2704.5;Probe;13.6;199;600;16
2704.5;Level;174.6;16;199;-1
